FECHA DE INGRESO,FECHA ULTIMO REGISTRO,Estatus,Días Laborados,FECHA DE NACIMIENTO,No de Crédito Infonavit,PUESTO,AREA,TURNO,MUNICIPIO,SALARIO MENSUAL,ESCOLARIDAD,GENERO,Tipo de renuncia
2023-11-21,2023-11-22,baja,1,1979-08-26 00:00:00,SI,OP PRODUCCION,PRODUCCION,C,TALA,7500.0,SECUNDARIA,FEMENINO,VOLUNTARIA
2023-10-16,2023-10-17,baja,1,1993-09-02 00:00:00,NO,OP PRODUCCION,PRODUCCION,C,TALA,7500.0,SECUNDARIA_TRUNCA,FEMENINO,VOLUNTARIA
2022-02-21,2022-02-22,baja,1,1993-10-17 00:00:00,NO,OP PRODUCCION,PRODUCCION,C,TALA,6000.0,SECUNDARIA,FEMENINO,ABANDONO
2022-02-21,2022-02-22,baja,1,1999-08-27 00:00:00,NO,OP PRODUCCION,PRODUCCION,C,TALA,6000.0,SECUNDARIA,FEMENINO,ABANDONO
2023-10-23,2023-10-24,baja,1,2002-06-16 00:00:00,NO,OP PRODUCCION,PRODUCCION,C,TALA,7500.0,PREPARATORIA,FEMENINO,VOLUNTARIA
2023-12-20,2023-12-21,baja,1,1968-08-17 00:00:00,NO,OP PRENSA,PRENSA,C,TLAJOMULCO,18000.0,PREPARATORIA,MASCULINO,ABANDONO
2023-03-23,2023-03-24,baja,1,1991-01-23 06:10:00,NO,AUXILIAR ALMACEN,ALMACEN,B,TALA,7705.711805555556,SECUNDARIA_TRUNCA,FEMENINO,VOLUNTARIA
2023-10-30,2023-11-01,baja,2,2001-05-10 00:00:00,NO,OP PRODUCCION,PRODUCCION,C,TALA,7500.0,PREPARATORIA,FEMENINO,VOLUNTARIA
2023-12-20,2023-12-22,baja,2,2001-11-17 00:00:00,NO,AUXILIAR ALMACEN,ALMACEN,A,TALA,8100.0,PREPARATORIA_TRUNCA,MASCULINO,ABANDONO
2022-02-15,2022-02-17,baja,2,1991-01-23 06:10:00,NO,OP PRODUCCION,PRODUCCION,A,TALA,7705.711805555556,SECUNDARIA_TRUNCA,FEMENINO,VOLUNTARIA
2024-01-15,2024-01-18,baja,3,2001-10-05 00:00:00,NO,OP PRODUCCION,PRODUCCION,C,AHUISCULCO ,8100.0,PRIMARIA,FEMENINO,ABANDONO
2022-10-17,2022-10-20,baja,3,1984-01-19 00:00:00,SI,INSP CALIDAD,CALIDAD,C,TALA,8100.0,CURSANDO_LICENCIATURA,FEMENINO,ABANDONO
2022-06-23,2022-06-26,baja,3,1998-01-22 00:00:00,NO,AUXILIAR ALMACEN,ALMACEN,A,TALA,8400.0,PREPARATORIA_TRUNCA,MASCULINO,ABANDONO
2022-10-03,2022-10-06,baja,3,2001-12-09 00:00:00,NO,OP PRODUCCION,PRODUCCION,A,TALA,6600.0,PREPARATORIA,MASCULINO,ABANDONO
2022-01-24,2022-01-27,baja,3,1986-09-15 00:00:00,SI,OP PRODUCCION,PRODUCCION,C,ZAPOPAN,6000.0,PREPARATORIA_TRUNCA,FEMENINO,ABANDONO
2022-02-21,2022-02-24,baja,3,1991-01-23 06:10:00,NO,OP PRODUCCION,PRODUCCION,C,TALA,7705.711805555556,SECUNDARIA_TRUNCA,MASCULINO,ABANDONO
2022-03-23,2022-03-27,baja,4,1986-07-15 00:00:00,NO,OP PRODUCCION,PRODUCCION,B,HUAXTLA,7500.0,SECUNDARIA,FEMENINO,ABANDONO
2022-03-23,2022-03-27,baja,4,1990-11-29 00:00:00,NO,OP PRODUCCION,PRODUCCION,B,HUAXTLA,7500.0,SECUNDARIA,FEMENINO,ABANDONO
2022-03-23,2022-03-27,baja,4,1967-03-29 00:00:00,SI,OP PRODUCCION,PRODUCCION,B,LA VENTA DEL ASTILLERO ,7500.0,SECUNDARIA,FEMENINO,ABANDONO
2023-12-20,2023-12-24,baja,4,1995-09-25 00:00:00,SI,OP PRODUCCION,PRODUCCION,C,TALA,8100.0,PREPARATORIA,FEMENINO,ABANDONO
2023-02-07,2023-02-12,baja,5,1992-07-21 00:00:00,NO,INSP CALIDAD,CALIDAD,C,TALA,8100.0,PREPARATORIA,FEMENINO,VOLUNTARIA
2023-09-26,2023-10-01,baja,5,1970-01-13 00:00:00,NO,OP PRODUCCION,PRODUCCION,C,TALA,7500.0,SECUNDARIA,FEMENINO,VOLUNTARIA
2022-02-14,2022-02-20,baja,6,1979-08-08 00:00:00,SI,OP PRODUCCION,PRODUCCION,C,TALA,6000.0,PRIMARIA,FEMENINO,ABANDONO
2023-10-30,2023-11-05,baja,6,1985-06-09 00:00:00,NO,OP PRODUCCION,PRODUCCION,C,TALA,7500.0,PREPARATORIA_TRUNCA,FEMENINO,ABANDONO
2022-01-17,2022-01-23,baja,6,1986-02-24 00:00:00,SI,OP PRODUCCION,PRODUCCION,C,TALA,6000.0,SECUNDARIA,FEMENINO,VOLUNTARIA
2022-04-04,2022-04-10,baja,6,1986-11-18 00:00:00,NO,OP PRODUCCION,PRODUCCION,B,TALA,7500.0,PREPARATORIA,FEMENINO,ABANDONO
2022-04-25,2022-05-01,baja,6,1991-05-01 00:00:00,NO,OP PRODUCCION,PRODUCCION,C,TALA,6600.0,PREPARATORIA,FEMENINO,ABANDONO
2022-04-25,2022-05-01,baja,6,1992-03-30 00:00:00,NO,INSP CALIDAD,CALIDAD,C,TALA,8100.0,SECUNDARIA,FEMENINO,VOLUNTARIA
2022-04-04,2022-04-10,baja,6,1993-05-23 00:00:00,SI,OP PRODUCCION,PRODUCCION,B,TALA,7500.0,PREPARATORIA,FEMENINO,ABANDONO
2023-03-13,2023-03-19,baja,6,1993-11-06 00:00:00,SI,OP PRODUCCION,PRODUCCION,C,TALA,7500.0,PREPARATORIA,MASCULINO,VOLUNTARIA
2022-07-25,2022-07-31,baja,6,2001-08-13 00:00:00,NO,INSP CALIDAD,CALIDAD,B,TALA,8100.0,PREPARATORIA,FEMENINO,VOLUNTARIA
2023-10-30,2023-11-05,baja,6,1989-12-07 00:00:00,SI,OP PRODUCCION,PRODUCCION,C,TALA,7500.0,SECUNDARIA,FEMENINO,VOLUNTARIA
2023-01-23,2023-01-29,baja,6,1995-06-04 00:00:00,NO,INSP CALIDAD,CALIDAD,C,TALA,8100.0,PREPARATORIA,FEMENINO,ABANDONO
2023-10-30,2023-11-05,baja,6,2003-06-21 00:00:00,NO,OP PRODUCCION,PRODUCCION,B,ZAPOPAN,7500.0,CURSANDO_LICENCIATURA,MASCULINO,VOLUNTARIA
2022-03-28,2022-04-04,baja,7,1983-03-20 00:00:00,NO,OP PRODUCCION,PRODUCCION,A,TALA,6600.0,SECUNDARIA,FEMENINO,ABANDONO
2023-11-13,2023-11-20,baja,7,2004-09-11 00:00:00,NO,OP PRODUCCION,PRODUCCION,C,TALA,7500.0,PREPARATORIA,MASCULINO,ABANDONO
2022-11-07,2022-11-14,baja,7,1973-02-19 00:00:00,NO,OP PRODUCCION,PRODUCCION,B,TALA,7500.0,PRIMARIA,MASCULINO,ABANDONO
2022-02-09,2022-02-16,baja,7,1991-01-23 06:10:00,NO,MONTACARGUISTA,ALMACEN,B,TALA,7705.711805555556,SECUNDARIA_TRUNCA,FEMENINO,ABANDONO
2022-11-28,2022-12-06,baja,8,1988-08-27 00:00:00,NO,OP PRODUCCION,PRODUCCION,B,LA VENTA DEL ASTILLERO ,7500.0,PREPARATORIA,FEMENINO,VOLUNTARIA
2023-11-30,2023-12-08,baja,8,1970-09-23 00:00:00,NO,OP PRODUCCION,PRODUCCION,B,TALA,7500.0,SECUNDARIA,FEMENINO,VOLUNTARIA
2022-02-08,2022-02-17,baja,9,1991-10-24 00:00:00,SI,MONTACARGUISTA,ALMACEN,C,TALA,11250.0,PREPARATORIA,MASCULINO,ABANDONO
2023-12-20,2023-12-29,baja,9,1991-01-23 06:10:00,NO,OP PRENSA,PRENSA,C,TALA,7705.711805555556,SECUNDARIA_TRUNCA,FEMENINO,ACTIVO
2022-05-16,2022-05-26,baja,10,1974-06-01 00:00:00,SI,OP PRODUCCION,PRODUCCION,C,TALA,6600.0,PRIMARIA,FEMENINO,ABANDONO
2023-10-30,2023-11-09,baja,10,1985-06-08 00:00:00,NO,OP PRODUCCION,PRODUCCION,C,TALA,7500.0,PRIMARIA,FEMENINO,ABANDONO
2022-12-01,2022-12-11,baja,10,1985-06-15 00:00:00,NO,AUXILIAR ALMACEN,ALMACEN,B,TALA,8400.0,SECUNDARIA,MASCULINO,VOLUNTARIA
2022-11-01,2022-11-11,baja,10,1991-01-23 06:10:00,NO,OP PRODUCCION,PRODUCCION,C,TALA,7705.711805555556,SECUNDARIA_TRUNCA,MASCULINO,ACTIVO
2023-03-13,2023-03-23,baja,10,1991-01-23 06:10:00,NO,OP PRODUCCION,PRODUCCION,C,TALA,7705.711805555556,SECUNDARIA_TRUNCA,MASCULINO,ACTIVO
2022-02-08,2022-02-20,baja,12,1987-03-14 00:00:00,SI,OP PRODUCCION,PRODUCCION,B,TALA,7500.0,SECUNDARIA,FEMENINO,ABANDONO
2022-02-08,2022-02-20,baja,12,1988-07-22 00:00:00,SI,OP PRODUCCION,PRODUCCION,B,TALA,7500.0,SECUNDARIA,FEMENINO,ABANDONO
2022-12-01,2022-12-13,baja,12,1997-07-31 00:00:00,SI,MONTACARGUISTA,ALMACEN,C,TALA,11250.0,PREPARATORIA,MASCULINO,ABANDONO
2022-03-22,2022-04-03,baja,12,1997-12-01 00:00:00,NO,OP PRODUCCION,PRODUCCION,A,TALA,7500.0,SECUNDARIA,FEMENINO,VOLUNTARIA
2022-03-22,2022-04-04,baja,13,1979-09-22 00:00:00,NO,OP PRODUCCION,PRODUCCION,B,TALA,7500.0,PRIMARIA,FEMENINO,ABANDONO
2022-03-14,2022-03-27,baja,13,1981-01-29 00:00:00,NO,OP PRODUCCION,PRODUCCION,B,TALA,7500.0,SECUNDARIA,MASCULINO,ABANDONO
2022-06-13,2022-06-26,baja,13,1986-01-05 00:00:00,SI,OP PRODUCCION,PRODUCCION,B,TALA,7500.0,SECUNDARIA,MASCULINO,VOLUNTARIA
2022-11-14,2022-11-27,baja,13,1995-11-18 00:00:00,NO,OP PRODUCCION,PRODUCCION,B,TALA,7500.0,SECUNDARIA,FEMENINO,VOLUNTARIA
2022-02-14,2022-02-27,baja,13,1997-05-30 00:00:00,NO,OP PRODUCCION,PRODUCCION,B,TALA,7500.0,SECUNDARIA,FEMENINO,VOLUNTARIA
2023-04-08,2023-04-21,baja,13,1979-07-07 00:00:00,SI,OP PRENSA,PRENSA,C,TLAJOMULCO,15900.0,PRIMARIA,MASCULINO,VOLUNTARIA
2023-04-17,2023-04-30,baja,13,1991-01-23 06:10:00,NO,MONTACARGUISTA,ALMACEN,B,TALA,7705.711805555556,SECUNDARIA_TRUNCA,FEMENINO,VOLUNTARIA
2023-10-30,2023-11-13,baja,14,1986-02-17 00:00:00,NO,OP PRODUCCION,PRODUCCION,C,TALA,7500.0,SECUNDARIA,FEMENINO,VOLUNTARIA
2022-02-14,2022-02-28,baja,14,1997-02-10 00:00:00,NO,OP PRODUCCION,PRODUCCION,B,TALA,7500.0,SECUNDARIA,FEMENINO,VOLUNTARIA
2023-03-13,2023-03-27,baja,14,2003-08-31 00:00:00,NO,OP PRODUCCION,PRODUCCION,C,TALA,7500.0,SECUNDARIA,FEMENINO,VOLUNTARIA
2021-11-30,2021-12-14,baja,14,1991-01-23 06:10:00,NO,INSP CALIDAD,CALIDAD,B,TALA,7705.711805555556,SECUNDARIA_TRUNCA,MASCULINO,VOLUNTARIA
2022-09-18,2022-10-02,baja,14,1991-01-23 06:10:00,NO,MONTACARGUISTA,ALMACEN,C,TALA,7705.711805555556,SECUNDARIA_TRUNCA,FEMENINO,VOLUNTARIA
2022-09-18,2022-10-02,baja,14,1991-01-23 06:10:00,NO,OP PRENSA,PRENSA,C,TALA,7705.711805555556,SECUNDARIA_TRUNCA,FEMENINO,BAJA
2021-11-09,2021-11-23,baja,14,1991-01-23 06:10:00,NO,OP PRENSA,PRENSA,B,TALA,7705.711805555556,SECUNDARIA_TRUNCA,FEMENINO,BAJA
2022-02-06,2022-02-20,baja,14,1991-01-23 06:10:00,NO,OP PRENSA,PRENSA,C,TALA,7705.711805555556,SECUNDARIA_TRUNCA,MASCULINO,VOLUNTARIA
2023-01-22,2023-02-05,baja,14,1991-01-23 06:10:00,NO,OP PRENSA,PRENSA,C,TALA,7705.711805555556,SECUNDARIA_TRUNCA,MASCULINO,VOLUNTARIA
2022-05-22,2022-06-05,baja,14,1991-01-23 06:10:00,NO,OP PRENSA,PRENSA,A,TALA,7705.711805555556,SECUNDARIA_TRUNCA,MASCULINO,VOLUNTARIA
2022-05-29,2022-06-12,baja,14,1991-01-23 06:10:00,NO,OP PRENSA,PRENSA,C,TALA,7705.711805555556,SECUNDARIA_TRUNCA,MASCULINO,VOLUNTARIA
2022-08-28,2022-09-11,baja,14,1991-01-23 06:10:00,NO,OP PRENSA,PRENSA,C,TALA,7705.711805555556,SECUNDARIA_TRUNCA,MASCULINO,VOLUNTARIA
2022-10-07,2022-10-21,baja,14,1991-01-23 06:10:00,NO,OP PRENSA,PRENSA,A,TALA,7705.711805555556,SECUNDARIA_TRUNCA,MASCULINO,VOLUNTARIA
2022-12-04,2022-12-18,baja,14,1991-01-23 06:10:00,NO,OP PRENSA,PRENSA,C,TALA,7705.711805555556,SECUNDARIA_TRUNCA,MASCULINO,VOLUNTARIA
2022-01-05,2022-01-19,baja,14,1991-01-23 06:10:00,NO,OP PRENSA,PRENSA,B,TALA,7705.711805555556,SECUNDARIA_TRUNCA,MASCULINO,ABANDONO
2023-02-01,2023-02-15,baja,14,1991-01-23 06:10:00,NO,OP PRENSA,PRENSA,C,TALA,7705.711805555556,SECUNDARIA_TRUNCA,FEMENINO,VOLUNTARIA
2023-01-22,2023-02-05,baja,14,1991-01-23 06:10:00,NO,OP PRENSA,PRENSA,B,TALA,7705.711805555556,SECUNDARIA,MASCULINO,VOLUNTARIA
2023-02-05,2023-02-19,baja,14,1991-01-23 06:10:00,NO,OP PRENSA,PRENSA,ROLA,TALA,7705.711805555556,SECUNDARIA,FEMENINO,VOLUNTARIA
2023-09-15,2023-09-29,baja,14,1991-01-23 06:10:00,NO,OP PRENSA,PRENSA,A,TALA,7705.711805555556,SECUNDARIA,FEMENINO,VOLUNTARIA
2023-10-06,2023-10-20,baja,14,1991-01-23 06:10:00,NO,OP PRENSA,PRENSA,B,TALA,7705.711805555556,SECUNDARIA,FEMENINO,VOLUNTARIA
2021-11-14,2021-11-28,baja,14,1991-01-23 06:10:00,NO,OP PRENSA,PRENSA,C,TALA,7705.711805555556,SECUNDARIA,MASCULINO,VOLUNTARIA
2022-04-03,2022-04-17,baja,14,1991-01-23 06:10:00,NO,OP PRENSA,PRENSA,C,TALA,7705.711805555556,SECUNDARIA,MASCULINO,VOLUNTARIA
2021-10-18,2021-11-01,baja,14,1991-01-23 06:10:00,NO,OP PRENSA,PRENSA,C,TALA,7705.711805555556,SECUNDARIA,MASCULINO,ABANDONO
2021-10-19,2021-11-02,baja,14,1991-01-23 06:10:00,NO,OP PRENSA,PRENSA,A,TALA,7705.711805555556,SECUNDARIA,FEMENINO,VOLUNTARIA
2021-04-28,2021-05-12,baja,14,1991-01-23 06:10:00,NO,OP PRENSA,PRENSA,A,TALA,7705.711805555556,SECUNDARIA,MASCULINO,ABANDONO
2023-11-05,2023-11-19,baja,14,1991-01-23 06:10:00,NO,OP PRENSA,PRENSA,B,TALA,7705.711805555556,SECUNDARIA,MASCULINO,VOLUNTARIA
2023-12-10,2023-12-24,baja,14,1991-01-23 06:10:00,NO,OP PRENSA,PRENSA,C,TALA,7705.711805555556,SECUNDARIA,MASCULINO,VOLUNTARIA
2023-11-05,2023-11-19,baja,14,1991-01-23 06:10:00,NO,OP PRENSA,PRENSA,B,TALA,7705.711805555556,SECUNDARIA,FEMENINO,VOLUNTARIA
2021-11-16,2021-11-30,baja,14,1991-01-23 06:10:00,NO,OP PRENSA,PRENSA,A,TALA,7705.711805555556,SECUNDARIA,FEMENINO,VOLUNTARIA
2022-02-13,2022-02-27,baja,14,1991-01-23 06:10:00,NO,OP PRENSA,PRENSA,A,TALA,7705.711805555556,SECUNDARIA,FEMENINO,BAJA
2023-06-15,2023-06-29,baja,14,1991-01-23 06:10:00,NO,OP PRENSA,PRENSA,C,TALA,7705.711805555556,SECUNDARIA,MASCULINO,BAJA
2021-10-24,2021-11-07,baja,14,1991-01-23 06:10:00,NO,OP PRENSA,PRENSA,A,TALA,7705.711805555556,SECUNDARIA,FEMENINO,BAJA
2022-06-26,2022-07-10,baja,14,1991-01-23 06:10:00,NO,OP PRENSA,PRENSA,A,TALA,7705.711805555556,SECUNDARIA,FEMENINO,VOLUNTARIA
2022-01-09,2022-01-23,baja,14,1991-01-23 06:10:00,NO,OP PRENSA,PRENSA,C,TALA,7705.711805555556,SECUNDARIA,FEMENINO,VOLUNTARIA
2023-11-21,2023-12-05,baja,14,1991-01-23 06:10:00,NO,OP PRENSA,PRENSA,A,TALA,7705.711805555556,SECUNDARIA,MASCULINO,VOLUNTARIA
2022-01-09,2022-01-23,baja,14,1991-01-23 06:10:00,NO,OP PRENSA,PRENSA,C,TALA,7705.711805555556,SECUNDARIA,MASCULINO,VOLUNTARIA
2021-11-28,2021-12-12,baja,14,1991-01-23 06:10:00,NO,OP PRODUCCION,PRODUCCION,C,TALA,7705.711805555556,SECUNDARIA,MASCULINO,VOLUNTARIA
2021-04-28,2021-05-12,baja,14,1991-01-23 06:10:00,NO,OP PRODUCCION,PRODUCCION,A,TALA,7705.711805555556,SECUNDARIA,FEMENINO,ABANDONO
2022-06-29,2022-07-14,baja,15,2000-07-08 00:00:00,NO,INSP CALIDAD,CALIDAD,B,TALA,8100.0,SECUNDARIA,FEMENINO,ABANDONO
2023-10-30,2023-11-14,baja,15,1991-01-23 06:10:00,NO,OP PRENSA,PRENSA,C,TALA,7705.711805555556,SECUNDARIA,MASCULINO,ABANDONO
2022-07-01,2022-07-16,baja,15,1991-01-23 06:10:00,NO,OP PRODUCCION,PRODUCCION,C,TALA,7705.711805555556,SECUNDARIA,MASCULINO,ABANDONO
2023-01-30,2023-02-15,baja,16,1977-09-06 00:00:00,SI,OP PRODUCCION,PRODUCCION,C,TALA,6600.0,SECUNDARIA,MASCULINO,ABANDONO
2023-10-16,2023-11-01,baja,16,1993-04-22 00:00:00,SI,OP PRODUCCION,PRODUCCION,B,TALA,7500.0,PREPARATORIA,MASCULINO,BAJA
2023-11-13,2023-11-29,baja,16,1991-01-23 06:10:00,NO,OP PRODUCCION,PRODUCCION,C,TALA,7705.711805555556,SECUNDARIA,MASCULINO,VOLUNTARIA
2022-12-01,2022-12-18,baja,17,1995-02-08 00:00:00,NO,OP PRODUCCION,PRODUCCION,C,TALA,6600.0,SECUNDARIA,FEMENINO,VOLUNTARIA
2022-02-14,2022-03-03,baja,17,1999-09-20 00:00:00,NO,OP PRODUCCION,PRODUCCION,B,TALA,7500.0,SECUNDARIA,FEMENINO,ABANDONO
2022-11-28,2022-12-15,baja,17,1994-02-05 00:00:00,NO,MECANICO,MANTENIMIENTO,ROLA,TALA,13200.0,INGENIERO,MASCULINO,VOLUNTARIA
2022-08-20,2022-09-06,baja,17,1991-01-23 06:10:00,NO,OP PRENSA,PRENSA,B,TALA,7705.711805555556,SECUNDARIA,MASCULINO,ABANDONO
2022-03-23,2022-04-10,baja,18,1992-10-18 00:00:00,NO,OP PRODUCCION,PRODUCCION,B,TALA,7500.0,PRIMARIA,FEMENINO,VOLUNTARIA
2022-02-14,2022-03-04,baja,18,1998-08-10 00:00:00,SI,OP PRODUCCION,PRODUCCION,C,ZAPOPAN,6000.0,PREPARATORIA,MASCULINO,ABANDONO
2023-02-28,2023-03-18,baja,18,1991-01-23 06:10:00,NO,OP PRENSA,PRENSA,A,TALA,7705.711805555556,SECUNDARIA,FEMENINO,ABANDONO
2022-04-25,2022-05-14,baja,19,1991-01-23 06:10:00,NO,INSP CALIDAD,CALIDAD,C,TALA,7705.711805555556,SIN_ESTUDIOS,MASCULINO,VOLUNTARIA
2023-10-26,2023-11-14,baja,19,1991-01-23 06:10:00,NO,MONTACARGUISTA,ALMACEN,A,TALA,7705.711805555556,SIN_ESTUDIOS,FEMENINO,VOLUNTARIA
2023-01-15,2023-02-03,baja,19,1991-01-23 06:10:00,NO,OP PRENSA,PRENSA,A,TALA,7705.711805555556,SIN_ESTUDIOS,FEMENINO,ABANDONO
2022-05-22,2022-06-10,baja,19,1991-01-23 06:10:00,NO,OP PRENSA,PRENSA,B,TALA,7705.711805555556,SIN_ESTUDIOS,FEMENINO,VOLUNTARIA
2022-04-23,2022-05-12,baja,19,1991-01-23 06:10:00,NO,OP PRENSA,PRENSA,A,TALA,7705.711805555556,SIN_ESTUDIOS,MASCULINO,BAJA
2023-04-15,2023-05-04,baja,19,1991-01-23 06:10:00,NO,OP PRENSA,PRENSA,A,TALA,7705.711805555556,SIN_ESTUDIOS,MASCULINO,BAJA
2023-04-15,2023-05-04,baja,19,1991-01-23 06:10:00,NO,OP PRENSA,PRENSA,A,TALA,7705.711805555556,SIN_ESTUDIOS,MASCULINO,BAJA
2022-06-28,2022-07-17,baja,19,1991-01-23 06:10:00,NO,OP PRENSA,PRENSA,A,TALA,7705.711805555556,SIN_ESTUDIOS,MASCULINO,VOLUNTARIA
2023-12-05,2023-12-24,baja,19,1991-01-23 06:10:00,NO,OP PRENSA,PRENSA,C,TALA,7705.711805555556,SIN_ESTUDIOS,MASCULINO,VOLUNTARIA
2022-01-17,2022-02-05,baja,19,1991-01-23 06:10:00,NO,OP PRENSA,PRENSA,B,TALA,7705.711805555556,SIN_ESTUDIOS,MASCULINO,VOLUNTARIA
2022-02-08,2022-02-27,baja,19,1991-01-23 06:10:00,NO,OP PRENSA,PRENSA,B,TALA,7705.711805555556,SIN_ESTUDIOS,MASCULINO,VOLUNTARIA
2023-09-12,2023-10-01,baja,19,1991-01-23 06:10:00,NO,OP PRENSA,PRENSA,C,TALA,7705.711805555556,SIN_ESTUDIOS,FEMENINO,VOLUNTARIA
2022-02-08,2022-02-27,baja,19,1991-01-23 06:10:00,NO,OP PRENSA,PRENSA,B,TALA,7705.711805555556,SIN_ESTUDIOS,FEMENINO,VOLUNTARIA
2021-04-23,2021-05-12,baja,19,1991-01-23 06:10:00,NO,OP PRENSA,PRENSA,C,TALA,7705.711805555556,SIN_ESTUDIOS,FEMENINO,VOLUNTARIA
2021-11-26,2021-12-15,baja,19,1991-01-23 06:10:00,NO,OP PRENSA,PRENSA,A,TALA,7705.711805555556,SIN_ESTUDIOS,MASCULINO,ABANDONO
2022-02-03,2022-02-22,baja,19,1991-01-23 06:10:00,NO,OP PRENSA,PRENSA,A,TALA,7705.711805555556,SIN_ESTUDIOS,MASCULINO,VOLUNTARIA
2021-12-01,2021-12-20,baja,19,1991-01-23 06:10:00,NO,OP PRENSA,PRENSA,B,TALA,7705.711805555556,SIN_ESTUDIOS,MASCULINO,ABANDONO
2022-05-04,2022-05-23,baja,19,1991-01-23 06:10:00,NO,OP PRENSA,PRENSA,A,TALA,7705.711805555556,SIN_ESTUDIOS,FEMENINO,VOLUNTARIA
2022-09-27,2022-10-16,baja,19,1991-01-23 06:10:00,NO,OP PRENSA,PRENSA,A,TALA,7705.711805555556,SIN_ESTUDIOS,MASCULINO,VOLUNTARIA
2021-12-28,2022-01-16,baja,19,1991-01-23 06:10:00,NO,OP PRENSA,PRENSA,A,TALA,7705.711805555556,SIN_ESTUDIOS,FEMENINO,VOLUNTARIA
2021-12-29,2022-01-17,baja,19,1991-01-23 06:10:00,NO,OP PRENSA,PRENSA,B,TALA,7705.711805555556,SIN_ESTUDIOS,FEMENINO,VOLUNTARIA
2022-02-13,2022-03-04,baja,19,1991-01-23 06:10:00,NO,OP PRENSA,PRENSA,C,TALA,7705.711805555556,SIN_ESTUDIOS,FEMENINO,VOLUNTARIA
2023-09-28,2023-10-17,baja,19,1991-01-23 06:10:00,NO,OP PRENSA,PRENSA,A,TALA,7705.711805555556,SIN_ESTUDIOS,MASCULINO,VOLUNTARIA
2022-03-13,2022-04-01,baja,19,1991-01-23 06:10:00,NO,OP PRENSA,PRENSA,B,TALA,7705.711805555556,SIN_ESTUDIOS,MASCULINO,VOLUNTARIA
2022-01-13,2022-02-01,baja,19,1991-01-23 06:10:00,NO,OP PRENSA,PRENSA,ROLA,TALA,7705.711805555556,SIN_ESTUDIOS,FEMENINO,VOLUNTARIA
2021-10-13,2021-11-01,baja,19,1991-01-23 06:10:00,NO,OP PRENSA,PRENSA,B,TALA,7705.711805555556,SIN_ESTUDIOS,MASCULINO,VOLUNTARIA
2021-10-20,2021-11-08,baja,19,1991-01-23 06:10:00,NO,OP PRENSA,PRENSA,C,TALA,7705.711805555556,SECUNDARIA_TRUNCA,MASCULINO,ABANDONO
2023-10-21,2023-11-09,baja,19,1991-01-23 06:10:00,NO,OP PRENSA,PRENSA,C,TALA,7705.711805555556,SECUNDARIA_TRUNCA,MASCULINO,VOLUNTARIA
2023-04-29,2023-05-18,baja,19,1991-01-23 06:10:00,NO,OP PRENSA,PRENSA,B,TALA,7705.711805555556,SECUNDARIA_TRUNCA,MASCULINO,BAJA
2023-06-17,2023-07-06,baja,19,1991-01-23 06:10:00,NO,OP PRENSA,PRENSA,A,TALA,7705.711805555556,SECUNDARIA_TRUNCA,FEMENINO,BAJA
2023-06-09,2023-06-28,baja,19,1991-01-23 06:10:00,NO,OP PRENSA,PRENSA,A,TALA,7705.711805555556,SECUNDARIA_TRUNCA,MASCULINO,BAJA
2023-07-21,2023-08-09,baja,19,1991-01-23 06:10:00,NO,OP PRENSA,PRENSA,A,TALA,7705.711805555556,SECUNDARIA_TRUNCA,FEMENINO,BAJA
2022-11-19,2022-12-08,baja,19,1991-01-23 06:10:00,NO,OP PRENSA,PRENSA,C,TALA,7705.711805555556,SECUNDARIA_TRUNCA,FEMENINO,ABANDONO
2023-06-10,2023-06-29,baja,19,1991-01-23 06:10:00,NO,OP PRENSA,PRENSA,B,TALA,7705.711805555556,SECUNDARIA_TRUNCA,MASCULINO,BAJA
2023-01-27,2023-02-15,baja,19,1991-01-23 06:10:00,NO,OP PRENSA,PRENSA,A,TALA,7705.711805555556,SECUNDARIA_TRUNCA,MASCULINO,VOLUNTARIA
2021-08-24,2021-09-12,baja,19,1991-01-23 06:10:00,NO,OP PRENSA,PRENSA,A,TALA,7705.711805555556,SECUNDARIA_TRUNCA,MASCULINO,VOLUNTARIA
2021-11-23,2021-12-12,baja,19,1991-01-23 06:10:00,NO,OP PRODUCCION,PRODUCCION,A,TALA,7705.711805555556,SECUNDARIA_TRUNCA,MASCULINO,ABANDONO
2021-11-23,2021-12-12,baja,19,1991-01-23 06:10:00,NO,OP PRODUCCION,PRODUCCION,C,TALA,7705.711805555556,SECUNDARIA_TRUNCA,MASCULINO,ABANDONO
2022-10-13,2022-11-01,baja,19,1991-01-23 06:10:00,NO,OP PRODUCCION,PRODUCCION,C,TALA,7705.711805555556,SECUNDARIA_TRUNCA,FEMENINO,ABANDONO
2022-02-01,2022-02-20,baja,19,1991-01-23 06:10:00,NO,OP PRODUCCION,PRODUCCION,A,TALA,7705.711805555556,SECUNDARIA_TRUNCA,MASCULINO,VOLUNTARIA
2023-10-30,2023-11-19,baja,20,1996-07-31 00:00:00,SI,OP PRODUCCION,PRODUCCION,C,TALA,7500.0,CURSANDO_LICENCIATURA,MASCULINO,VOLUNTARIA
2022-02-21,2022-03-13,baja,20,1997-07-30 00:00:00,NO,OP PRODUCCION,PRODUCCION,C,TALA,6000.0,SECUNDARIA,FEMENINO,ABANDONO
2022-04-18,2022-05-08,baja,20,1998-07-02 00:00:00,SI,OP PRODUCCION,PRODUCCION,B,TALA,7500.0,SECUNDARIA,MASCULINO,VOLUNTARIA
2021-11-08,2021-11-28,baja,20,1998-11-20 00:00:00,NO,OP PRODUCCION,PRODUCCION,C,TALA,6000.0,SECUNDARIA,MASCULINO,VOLUNTARIA
2021-11-08,2021-11-28,baja,20,2000-08-27 00:00:00,NO,OP PRODUCCION,PRODUCCION,A,TALA,6000.0,SECUNDARIA,MASCULINO,ABANDONO
2022-01-24,2022-02-13,baja,20,2003-11-27 00:00:00,NO,OP PRODUCCION,PRODUCCION,B,TALA,7500.0,PREPARATORIA_TRUNCA,FEMENINO,VOLUNTARIA
2023-12-04,2023-12-24,baja,20,1965-10-17 00:00:00,NO,OP PRODUCCION,PRODUCCION,B,TALA,7500.0,PREPARATORIA_TRUNCA,MASCULINO,VOLUNTARIA
2022-12-19,2023-01-08,baja,20,1989-09-13 00:00:00,NO,OP PRENSA,PRENSA,B,TALA,7500.0,SECUNDARIA,FEMENINO,ABANDONO
2022-08-15,2022-09-04,baja,20,1997-11-19 00:00:00,NO,INSP CALIDAD,CALIDAD,C,ZAPOPAN,8100.0,SECUNDARIA,FEMENINO,VOLUNTARIA
2023-01-09,2023-01-29,baja,20,1991-01-23 06:10:00,NO,MECANICO,MANTENIMIENTO,ROLA,TALA,7705.711805555556,SECUNDARIA_TRUNCA,FEMENINO,VOLUNTARIA
2023-12-24,2024-01-13,baja,20,1991-01-23 06:10:00,NO,MONTACARGUISTA,ALMACEN,C,TALA,7705.711805555556,SECUNDARIA_TRUNCA,MASCULINO,ACTIVO
2021-11-26,2021-12-16,baja,20,1991-01-23 06:10:00,NO,OP PRENSA,PRENSA,B,TALA,7705.711805555556,SECUNDARIA_TRUNCA,MASCULINO,BAJA
2023-11-30,2023-12-20,baja,20,1991-01-23 06:10:00,NO,OP PRODUCCION,PRODUCCION,B,TALA,7705.711805555556,SECUNDARIA_TRUNCA,FEMENINO,ACTIVO
2023-11-24,2023-12-14,baja,20,1991-01-23 06:10:00,NO,OP PRODUCCION,PRODUCCION,B,TALA,7705.711805555556,PREPARATORIA_TRUNCA,FEMENINO,ACTIVO
2023-11-19,2023-12-09,baja,20,1991-01-23 06:10:00,NO,OP PRODUCCION,PRODUCCION,C,TALA,7705.711805555556,PREPARATORIA_TRUNCA,FEMENINO,ACTIVO
2023-06-04,2023-06-24,baja,20,1991-01-23 06:10:00,NO,OP PRODUCCION,PRODUCCION,C,TALA,7705.711805555556,PREPARATORIA_TRUNCA,MASCULINO,ACTIVO
2021-12-03,2021-12-23,baja,20,1991-01-23 06:10:00,NO,OP PRODUCCION,PRODUCCION,A,TALA,7705.711805555556,PREPARATORIA_TRUNCA,MASCULINO,VOLUNTARIA
2022-06-08,2022-06-29,baja,21,1984-07-02 00:00:00,SI,AUXILIAR ALMACEN,ALMACEN,B,TALA,8400.0,SECUNDARIA,MASCULINO,ABANDONO
2022-10-01,2022-10-23,baja,22,1974-12-01 00:00:00,SI,OP PRODUCCION,PRODUCCION,B,TALA,6000.0,SECUNDARIA_TRUNCA,MASCULINO,VOLUNTARIA
2022-05-14,2022-06-05,baja,22,1991-01-23 06:10:00,SI,OP PRENSA,PRENSA,B,TALA,7705.711805555556,PREPARATORIA_TRUNCA,FEMENINO,VOLUNTARIA
2021-12-30,2022-01-21,baja,22,1991-01-23 06:10:00,SI,OP PRENSA,PRENSA,A,TALA,7705.711805555556,PREPARATORIA_TRUNCA,MASCULINO,BAJA
2023-04-12,2023-05-04,baja,22,1991-01-23 06:10:00,SI,OP PRENSA,PRENSA,A,TALA,7705.711805555556,PREPARATORIA_TRUNCA,MASCULINO,BAJA
2024-03-10,2024-04-01,baja,22,1991-01-23 06:10:00,SI,OP PRENSA,PRENSA,C,TALA,7705.711805555556,PREPARATORIA_TRUNCA,FEMENINO,BAJA
2022-01-09,2022-01-31,baja,22,1991-01-23 06:10:00,SI,OP PRENSA,PRENSA,A,TALA,7705.711805555556,PREPARATORIA_TRUNCA,FEMENINO,VOLUNTARIA
2023-12-02,2023-12-24,baja,22,1991-01-23 06:10:00,SI,OP PRENSA,PRENSA,A,TALA,7705.711805555556,PREPARATORIA_TRUNCA,MASCULINO,VOLUNTARIA
2021-11-20,2021-12-12,baja,22,1991-01-23 06:10:00,SI,OP PRENSA,PRENSA,C,TALA,7705.711805555556,PREPARATORIA_TRUNCA,MASCULINO,VOLUNTARIA
2023-09-02,2023-09-24,baja,22,1991-01-23 06:10:00,SI,OP PRENSA,PRENSA,C,TALA,7705.711805555556,PREPARATORIA_TRUNCA,MASCULINO,VOLUNTARIA
2021-12-25,2022-01-16,baja,22,1991-01-23 06:10:00,SI,OP PRENSA,PRENSA,C,TALA,7705.711805555556,PREPARATORIA_TRUNCA,MASCULINO,VOLUNTARIA
2021-04-20,2021-05-12,baja,22,1991-01-23 06:10:00,SI,OP PRENSA,PRENSA,B,TALA,7705.711805555556,PREPARATORIA_TRUNCA,FEMENINO,VOLUNTARIA
2021-10-30,2021-11-21,baja,22,1991-01-23 06:10:00,SI,OP PRENSA,PRENSA,B,TALA,7705.711805555556,PREPARATORIA_TRUNCA,MASCULINO,VOLUNTARIA
2022-12-25,2023-01-16,baja,22,1991-01-23 06:10:00,NO,OP PRENSA,PRENSA,B,TALA,7705.711805555556,PREPARATORIA_TRUNCA,FEMENINO,BAJA
2021-11-20,2021-12-12,baja,22,1991-01-23 06:10:00,NO,OP PRENSA,PRENSA,B,TALA,7705.711805555556,PREPARATORIA_TRUNCA,MASCULINO,VOLUNTARIA
2021-11-20,2021-12-12,baja,22,1991-01-23 06:10:00,NO,OP PRENSA,PRENSA,C,TALA,7705.711805555556,PREPARATORIA_TRUNCA,MASCULINO,VOLUNTARIA
2023-02-14,2023-03-08,baja,22,1991-01-23 06:10:00,NO,OP PRENSA,PRENSA,A,TALA,7705.711805555556,PREPARATORIA_TRUNCA,MASCULINO,BAJA
2022-08-17,2022-09-08,baja,22,1991-01-23 06:10:00,NO,OP PRENSA,PRENSA,B,TALA,7705.711805555556,PREPARATORIA_TRUNCA,FEMENINO,BAJA
2022-04-16,2022-05-08,baja,22,1991-01-23 06:10:00,NO,OP PRENSA,PRENSA,A,TALA,7705.711805555556,PREPARATORIA_TRUNCA,MASCULINO,VOLUNTARIA
2022-02-10,2022-03-04,baja,22,1991-01-23 06:10:00,NO,OP PRENSA,PRENSA,C,TALA,7705.711805555556,PREPARATORIA_TRUNCA,MASCULINO,VOLUNTARIA
2022-08-29,2022-09-20,baja,22,1991-01-23 06:10:00,NO,OP PRENSA,PRENSA,A,TALA,7705.711805555556,PREPARATORIA_TRUNCA,FEMENINO,VOLUNTARIA
2022-09-24,2022-10-16,baja,22,1991-01-23 06:10:00,NO,OP PRENSA,PRENSA,C,TALA,7705.711805555556,PREPARATORIA_TRUNCA,FEMENINO,VOLUNTARIA
2021-10-10,2021-11-01,baja,22,1991-01-23 06:10:00,NO,OP PRENSA,PRENSA,A,TALA,7705.711805555556,PREPARATORIA_TRUNCA,MASCULINO,ABANDONO
2021-04-20,2021-05-12,baja,22,1991-01-23 06:10:00,NO,OP PRENSA,PRENSA,B,TALA,7705.711805555556,SECUNDARIA,MASCULINO,VOLUNTARIA
2021-11-10,2021-12-02,baja,22,1991-01-23 06:10:00,NO,OP PRENSA,PRENSA,A,TALA,7705.711805555556,SECUNDARIA,FEMENINO,VOLUNTARIA
2021-11-06,2021-11-28,baja,22,1991-01-23 06:10:00,NO,OP PRENSA,PRENSA,A,TALA,7705.711805555556,SECUNDARIA,FEMENINO,VOLUNTARIA
2022-01-08,2022-01-30,baja,22,1991-01-23 06:10:00,NO,OP PRENSA,PRENSA,A,TALA,7705.711805555556,SECUNDARIA,FEMENINO,ABANDONO
2023-10-30,2023-11-21,baja,22,1991-01-23 06:10:00,SI,OP PRENSA,PRENSA,C,TALA,7705.711805555556,SECUNDARIA,FEMENINO,VOLUNTARIA
2023-09-24,2023-10-16,baja,22,1991-01-23 06:10:00,SI,OP PRENSA,PRENSA,A,TALA,7705.711805555556,SECUNDARIA,FEMENINO,BAJA
2022-01-02,2022-01-24,baja,22,1991-01-23 06:10:00,SI,OP PRENSA,PRENSA,A,TALA,7705.711805555556,SECUNDARIA,FEMENINO,VOLUNTARIA
2022-06-04,2022-06-26,baja,22,1991-01-23 06:10:00,NO,OP PRENSA,PRENSA,A,TALA,7705.711805555556,SECUNDARIA,FEMENINO,ABANDONO
2023-07-06,2023-07-28,baja,22,1991-01-23 06:10:00,NO,OP PRENSA,PRENSA,A,TALA,7705.711805555556,SECUNDARIA,MASCULINO,VOLUNTARIA
2021-12-27,2022-01-18,baja,22,1991-01-23 06:10:00,NO,OP PRENSA,PRENSA,A,TALA,7705.711805555556,SECUNDARIA,FEMENINO,BAJA
2023-05-09,2023-05-31,baja,22,1991-01-23 06:10:00,NO,OP PRENSA,PRENSA,A,TALA,7705.711805555556,SECUNDARIA,MASCULINO,VOLUNTARIA
2023-06-07,2023-06-29,baja,22,1991-01-23 06:10:00,NO,OP PRENSA,PRENSA,B,TALA,7705.711805555556,SECUNDARIA,MASCULINO,BAJA
2023-05-10,2023-06-01,baja,22,1991-01-23 06:10:00,NO,OP PRODUCCION,PRODUCCION,A,TALA,7705.711805555556,SECUNDARIA,MASCULINO,BAJA
2021-12-25,2022-01-16,baja,22,1991-01-23 06:10:00,NO,OP PRODUCCION,PRODUCCION,C,TALA,7705.711805555556,SECUNDARIA,MASCULINO,VOLUNTARIA
2021-11-20,2021-12-12,baja,22,1991-01-23 06:10:00,NO,OP PRODUCCION,PRODUCCION,B,TALA,7705.711805555556,SECUNDARIA,MASCULINO,VOLUNTARIA
2021-04-20,2021-05-12,baja,22,1991-01-23 06:10:00,NO,OP PRODUCCION,PRODUCCION,A,TALA,7705.711805555556,SECUNDARIA,FEMENINO,ABANDONO
2022-02-08,2022-03-03,baja,23,1981-04-21 00:00:00,SI,OP PRODUCCION,PRODUCCION,B,TALA,7500.0,SECUNDARIA,FEMENINO,ABANDONO
2022-02-08,2022-03-03,baja,23,1984-07-07 00:00:00,SI,OP PRODUCCION,PRODUCCION,B,TALA,7500.0,PRIMARIA,FEMENINO,ABANDONO
2022-02-08,2022-03-03,baja,23,1985-09-01 00:00:00,SI,OP PRENSA,PRENSA,B,TALA,7500.0,SECUNDARIA,FEMENINO,ABANDONO
2023-09-26,2023-10-19,baja,23,1985-01-14 00:00:00,SI,MONTACARGUISTA,ALMACEN,A,ZAMORA,11130.0,SECUNDARIA,MASCULINO,VOLUNTARIA
2022-06-20,2022-07-13,baja,23,1991-01-23 06:10:00,NO,OP PRENSA,PRENSA,C,TALA,7705.711805555556,SECUNDARIA,MASCULINO,VOLUNTARIA
2023-06-17,2023-07-10,baja,23,1991-01-23 06:10:00,NO,OP PRODUCCION,PRODUCCION,C,TALA,7705.711805555556,SECUNDARIA,MASCULINO,VOLUNTARIA
2023-01-23,2023-02-16,baja,24,1987-08-04 00:00:00,SI,OP PRODUCCION,PRODUCCION,C,TALA,6600.0,SECUNDARIA,MASCULINO,VOLUNTARIA
2022-01-24,2022-02-17,baja,24,1997-07-18 00:00:00,NO,OP PRODUCCION,PRODUCCION,A,TALA,6000.0,PREPARATORIA_TRUNCA,MASCULINO,ABANDONO
2022-05-09,2022-06-02,baja,24,1998-08-12 00:00:00,SI,OP PRODUCCION,PRODUCCION,C,TALA,6600.0,SECUNDARIA,MASCULINO,ABANDONO
2023-10-16,2023-11-09,baja,24,1991-01-23 06:10:00,NO,OP PRENSA,PRENSA,B,TALA,7705.711805555556,SECUNDARIA,FEMENINO,VOLUNTARIA
2022-06-23,2022-07-17,baja,24,1991-01-23 06:10:00,SI,OP PRENSA,PRENSA,C,TALA,7705.711805555556,SECUNDARIA,MASCULINO,ABANDONO
2022-01-24,2022-02-17,baja,24,1991-01-23 06:10:00,SI,OP PRENSA,PRENSA,B,TALA,7705.711805555556,SECUNDARIA,MASCULINO,VOLUNTARIA
2023-01-16,2023-02-09,baja,24,1991-01-23 06:10:00,SI,OP PRODUCCION,PRODUCCION,B,TALA,7705.711805555556,SECUNDARIA,FEMENINO,ACTIVO
2022-06-20,2022-07-15,baja,25,1986-03-23 00:00:00,SI,OP PRODUCCION,PRODUCCION,A,TALA,6600.0,SECUNDARIA,FEMENINO,VOLUNTARIA
2022-06-20,2022-07-15,baja,25,1987-03-17 00:00:00,SI,OP PRODUCCION,PRODUCCION,C,TALA,6600.0,SECUNDARIA,FEMENINO,VOLUNTARIA
2023-01-21,2023-02-15,baja,25,1991-01-23 06:10:00,NO,INSP CALIDAD,CALIDAD,C,TALA,7705.711805555556,SECUNDARIA,MASCULINO,VOLUNTARIA
2023-05-23,2023-06-17,baja,25,1991-01-23 06:10:00,NO,INSP CALIDAD,CALIDAD,C,TALA,7705.711805555556,SECUNDARIA,MASCULINO,VOLUNTARIA
2022-01-12,2022-02-06,baja,25,1991-01-23 06:10:00,NO,MECANICO,MANTENIMIENTO,ROLA,TALA,7705.711805555556,SECUNDARIA,FEMENINO,VOLUNTARIA
2023-02-25,2023-03-22,baja,25,1991-01-23 06:10:00,SI,OP PRENSA,PRENSA,C,TALA,7705.711805555556,SECUNDARIA,MASCULINO,VOLUNTARIA
2022-07-14,2022-08-08,baja,25,1991-01-23 06:10:00,SI,OP PRENSA,PRENSA,C,TALA,7705.711805555556,SECUNDARIA,FEMENINO,VOLUNTARIA
2022-12-21,2023-01-15,baja,25,1991-01-23 06:10:00,NO,OP PRODUCCION,PRODUCCION,A,TALA,7705.711805555556,SECUNDARIA,MASCULINO,VOLUNTARIA
2023-07-23,2023-08-17,baja,25,1991-01-23 06:10:00,NO,OP PRODUCCION,PRODUCCION,B,TALA,7705.711805555556,SECUNDARIA,MASCULINO,ACTIVO
2022-08-09,2022-09-04,baja,26,1978-10-17 00:00:00,NO,OP PRODUCCION,PRODUCCION,B,TALA,7500.0,PRIMARIA,FEMENINO,ABANDONO
2021-11-16,2021-12-12,baja,26,1988-11-15 00:00:00,NO,MONTACARGUISTA,ALMACEN,A,TALA,10500.0,SECUNDARIA,MASCULINO,ABANDONO
2021-10-13,2021-11-08,baja,26,1991-01-23 06:10:00,NO,OP PRODUCCION,PRODUCCION,C,TALA,7705.711805555556,SECUNDARIA,FEMENINO,VOLUNTARIA
2022-01-03,2022-01-30,baja,27,1986-09-08 00:00:00,NO,OP PRODUCCION,PRODUCCION,A,TALA,6000.0,SECUNDARIA,FEMENINO,ABANDONO
2022-02-14,2022-03-13,baja,27,1988-05-08 00:00:00,NO,OP PRODUCCION,PRODUCCION,C,TALA,6000.0,PRIMARIA,FEMENINO,VOLUNTARIA
2022-12-19,2023-01-15,baja,27,1981-06-06 00:00:00,SI,OP PRENSA,ALMACEN,C,TALA,11250.0,PRIMARIA,MASCULINO,VOLUNTARIA
2022-12-26,2023-01-22,baja,27,1994-04-16 00:00:00,NO,MONTACARGUISTA,ALMACEN,B,TALA,11250.0,PREPARATORIA,MASCULINO,ABANDONO
2022-12-12,2023-01-08,baja,27,1991-01-23 06:10:00,NO,OP PRODUCCION,PRODUCCION,B,TALA,7705.711805555556,SECUNDARIA,MASCULINO,VOLUNTARIA
2023-11-13,2023-12-11,baja,28,1999-04-16 00:00:00,NO,OP PRODUCCION,PRODUCCION,C,TALA,7500.0,SECUNDARIA,FEMENINO,VOLUNTARIA
2022-11-07,2022-12-05,baja,28,1992-08-20 00:00:00,SI,MONTACARGUISTA,ALMACEN,B,ZAPOPAN,11250.0,PREPARATORIA_TRUNCA,MASCULINO,ABANDONO
2022-06-20,2022-07-18,baja,28,1991-01-23 06:10:00,NO,OP PRENSA,PRENSA,C,TALA,7705.711805555556,SECUNDARIA,MASCULINO,VOLUNTARIA
2021-11-01,2021-11-30,baja,29,1991-01-23 06:10:00,SI,OP PRODUCCION,PRODUCCION,A,TALA,7705.711805555556,SECUNDARIA,FEMENINO,VOLUNTARIA
2022-02-21,2022-03-23,baja,30,1969-01-26 00:00:00,SI,MONTACARGUISTA,ALMACEN,A,TALA,11250.0,SECUNDARIA,MASCULINO,BAJA
2022-04-25,2022-05-25,baja,30,2003-01-09 00:00:00,NO,OP PRODUCCION,PRODUCCION,C,TALA,6600.0,SECUNDARIA,MASCULINO,ABANDONO
2023-03-13,2023-04-12,baja,30,2003-06-23 00:00:00,NO,AUXILIAR ALMACEN,ALMACEN,B,TALA,8400.0,SECUNDARIA,MASCULINO,VOLUNTARIA
2022-09-26,2022-10-26,baja,30,1974-07-25 00:00:00,SI,OP PRENSA,PRENSA,B,TALA,7500.0,SECUNDARIA,FEMENINO,VOLUNTARIA
2023-08-21,2023-09-20,baja,30,1995-04-24 00:00:00,NO,OP PRENSA,PRENSA,A,TALA,7950.0,SECUNDARIA,MASCULINO,ABANDONO
2022-12-26,2023-01-25,baja,30,1991-01-23 06:10:00,SI,MONTACARGUISTA,ALMACEN,B,TALA,7705.711805555556,SECUNDARIA,FEMENINO,ABANDONO
2022-01-31,2022-03-02,baja,30,1991-01-23 06:10:00,NO,OP PRENSA,PRENSA,ROLA,TALA,7705.711805555556,SECUNDARIA,FEMENINO,BAJA
2023-07-21,2023-08-20,baja,30,1991-01-23 06:10:00,NO,OP PRENSA,PRENSA,A,TALA,7705.711805555556,PREPARATORIA_TRUNCA,FEMENINO,BAJA
2023-08-01,2023-08-31,baja,30,1991-01-23 06:10:00,NO,OP PRENSA,PRENSA,C,TALA,7705.711805555556,PREPARATORIA_TRUNCA,MASCULINO,VOLUNTARIA
2023-05-29,2023-06-28,baja,30,1991-01-23 06:10:00,SI,OP PRENSA,PRENSA,A,TALA,7705.711805555556,PREPARATORIA_TRUNCA,FEMENINO,ABANDONO
2022-10-12,2022-11-11,baja,30,1991-01-23 06:10:00,SI,OP PRENSA,PRENSA,B,TALA,7705.711805555556,PREPARATORIA_TRUNCA,FEMENINO,VOLUNTARIA
2022-12-12,2023-01-11,baja,30,1991-01-23 06:10:00,SI,OP PRODUCCION,PRODUCCION,B,TALA,7705.711805555556,PREPARATORIA_TRUNCA,MASCULINO,ACTIVO
2022-08-11,2022-09-10,baja,30,1991-01-23 06:10:00,SI,OP PRODUCCION,PRODUCCION,B,TALA,7705.711805555556,PREPARATORIA_TRUNCA,FEMENINO,ACTIVO
2023-03-21,2023-04-20,baja,30,1991-01-23 06:10:00,SI,OP PRODUCCION,PRODUCCION,C,TALA,7705.711805555556,PREPARATORIA_TRUNCA,FEMENINO,ACTIVO
2022-11-30,2022-12-30,baja,30,1991-01-23 06:10:00,NO,OP PRODUCCION,PRODUCCION,C,TALA,7705.711805555556,PREPARATORIA_TRUNCA,MASCULINO,ACTIVO
2022-06-13,2022-07-13,baja,30,1991-01-23 06:10:00,NO,OP PRODUCCION,PRODUCCION,B,TALA,7705.711805555556,PREPARATORIA_TRUNCA,FEMENINO,VOLUNTARIA
2022-11-14,2022-12-14,baja,30,1991-01-23 06:10:00,NO,OP PRODUCCION,PRODUCCION,B,TALA,7705.711805555556,PREPARATORIA_TRUNCA,MASCULINO,ACTIVO
2022-06-05,2022-07-05,baja,30,1991-01-23 06:10:00,NO,OP PRODUCCION,PRODUCCION,C,TALA,7705.711805555556,PREPARATORIA_TRUNCA,MASCULINO,ABANDONO
2023-03-01,2023-03-31,baja,30,1991-01-23 06:10:00,SI,OP PRODUCCION,PRODUCCION,C,TALA,7705.711805555556,PREPARATORIA_TRUNCA,MASCULINO,ABANDONO
2022-12-01,2023-01-01,baja,31,2003-05-12 00:00:00,NO,OP PRODUCCION,PRODUCCION,C,TALA,6600.0,PRIMARIA,FEMENINO,VOLUNTARIA
2022-07-04,2022-08-04,baja,31,1991-01-23 06:10:00,SI,OP PRENSA,PRENSA,B,TALA,7705.711805555556,PREPARATORIA_TRUNCA,FEMENINO,ACTIVO
2022-12-01,2023-01-01,baja,31,1991-01-23 06:10:00,NO,OP PRODUCCION,PRODUCCION,A,TALA,7705.711805555556,PREPARATORIA_TRUNCA,MASCULINO,ACTIVO
2022-06-20,2022-07-22,baja,32,1975-06-04 00:00:00,SI,OP PRODUCCION,PRODUCCION,C,TALA,8100.0,PREPARATORIA_TRUNCA,FEMENINO,VOLUNTARIA
2023-12-13,2024-01-14,baja,32,1998-02-19 00:00:00,NO,OP PRODUCCION,PRODUCCION,C,TALA,8100.0,SECUNDARIA,FEMENINO,VOLUNTARIA
2022-09-05,2022-10-07,baja,32,1999-12-11 00:00:00,NO,OP PRODUCCION,PRODUCCION,A,TALA,6600.0,PREPARATORIA,MASCULINO,VOLUNTARIA
2022-10-01,2022-11-03,baja,33,1996-02-23 00:00:00,NO,OP PRODUCCION,PRODUCCION,B,TALA,6000.0,PREPARATORIA,MASCULINO,ABANDONO
2022-12-19,2023-01-21,baja,33,1991-01-23 06:10:00,NO,MONTACARGUISTA,ALMACEN,B,TALA,7705.711805555556,PREPARATORIA_TRUNCA,FEMENINO,VOLUNTARIA
2022-12-19,2023-01-21,baja,33,1991-01-23 06:10:00,NO,OP PRODUCCION,PRODUCCION,B,TALA,7705.711805555556,PREPARATORIA_TRUNCA,MASCULINO,ACTIVO
2023-12-11,2024-01-14,baja,34,1976-02-08 00:00:00,NO,OP PRENSA,PRENSA,B,TALA,7500.0,SECUNDARIA,FEMENINO,VOLUNTARIA
2021-11-08,2021-12-12,baja,34,1986-03-12 00:00:00,NO,OP PRODUCCION,PRODUCCION,B,TALA,6000.0,SECUNDARIA,FEMENINO,ABANDONO
2022-04-25,2022-05-29,baja,34,1988-12-06 00:00:00,NO,INSP CALIDAD,CALIDAD,B,TALA,8100.0,SECUNDARIA,FEMENINO,VOLUNTARIA
2022-05-02,2022-06-05,baja,34,1993-09-22 00:00:00,NO,OP PRODUCCION,PRODUCCION,B,TALA,7500.0,SECUNDARIA,MASCULINO,BAJA
2022-05-02,2022-06-05,baja,34,2002-12-11 00:00:00,NO,OP PRODUCCION,PRODUCCION,B,TALA,7500.0,SECUNDARIA,FEMENINO,VOLUNTARIA
2022-07-11,2022-08-14,baja,34,1998-07-07 00:00:00,NO,OP PRODUCCION,PRODUCCION,C,TALA,6600.0,SECUNDARIA,MASCULINO,VOLUNTARIA
2021-11-16,2021-12-21,baja,35,1990-04-25 00:00:00,NO,OP PRODUCCION,PRODUCCION,C,TALA,6000.0,SECUNDARIA,FEMENINO,ABANDONO
2023-08-31,2023-10-05,baja,35,1991-01-23 06:10:00,NO,OP PRENSA,PRENSA,B,TALA,7705.711805555556,PREPARATORIA_TRUNCA,FEMENINO,VOLUNTARIA
2022-10-17,2022-11-21,baja,35,1991-01-23 06:10:00,NO,OP PRENSA,PRENSA,C,TALA,7705.711805555556,PREPARATORIA_TRUNCA,MASCULINO,ABANDONO
2022-10-03,2022-11-07,baja,35,1991-01-23 06:10:00,NO,OP PRODUCCION,PRODUCCION,C,TALA,7705.711805555556,PREPARATORIA_TRUNCA,FEMENINO,ACTIVO
2022-06-06,2022-07-12,baja,36,1998-10-29 00:00:00,NO,OP PRODUCCION,PRODUCCION,C,TALA,6600.0,SECUNDARIA,FEMENINO,VOLUNTARIA
2022-01-24,2022-03-02,baja,37,1981-12-29 00:00:00,NO,OP PRODUCCION,PRODUCCION,B,TALA,7500.0,SECUNDARIA,MASCULINO,ABANDONO
2022-01-24,2022-03-02,baja,37,1998-02-28 00:00:00,NO,OP PRODUCCION,PRODUCCION,C,TALA,6000.0,SECUNDARIA,FEMENINO,ABANDONO
2022-06-06,2022-07-13,baja,37,1993-01-05 00:00:00,NO,OP PRODUCCION,PRODUCCION,C,ZAPOPAN,6600.0,PREPARATORIA_TRUNCA,FEMENINO,VOLUNTARIA
2023-10-02,2023-11-08,baja,37,1991-01-23 06:10:00,NO,OP PRODUCCION,PRODUCCION,C,TALA,7705.711805555556,PREPARATORIA_TRUNCA,MASCULINO,ACTIVO
2023-10-09,2023-11-15,baja,37,1991-01-23 06:10:00,NO,OP PRODUCCION,PRODUCCION,C,TALA,7705.711805555556,PREPARATORIA_TRUNCA,FEMENINO,ACTIVO
2022-11-14,2022-12-22,baja,38,1998-10-29 00:00:00,NO,OP PRODUCCION,PRODUCCION,B,TALA,7500.0,PRIMARIA,FEMENINO,ABANDONO
2022-12-01,2023-01-08,baja,38,2001-02-23 00:00:00,NO,OP PRODUCCION,PRODUCCION,A,TALA,6600.0,PREPARATORIA,FEMENINO,VOLUNTARIA
2022-11-28,2023-01-06,baja,39,2004-01-17 00:00:00,NO,OP PRODUCCION,PRODUCCION,B,TALA,7500.0,PREPARATORIA,FEMENINO,VOLUNTARIA
2021-12-13,2022-01-21,baja,39,2000-02-24 00:00:00,NO,MECANICO,MANTENIMIENTO,ROLA,ZAPOPAN,12000.0,PREPARATORIA_TECNICA,MASCULINO,VOLUNTARIA
2022-05-09,2022-06-17,baja,39,1991-01-23 06:10:00,NO,OP PRODUCCION,PRODUCCION,C,TALA,7705.711805555556,PREPARATORIA_TRUNCA,FEMENINO,ABANDONO
2022-12-11,2023-01-20,baja,40,1991-01-23 06:10:00,NO,MONTACARGUISTA,ALMACEN,C,TALA,7705.711805555556,PREPARATORIA_TRUNCA,FEMENINO,VOLUNTARIA
2023-01-23,2023-03-04,baja,40,1991-01-23 06:10:00,NO,OP PRODUCCION,PRODUCCION,B,TALA,7705.711805555556,PREPARATORIA_TRUNCA,MASCULINO,ACTIVO
2022-09-12,2022-10-23,baja,41,1985-04-18 00:00:00,NO,OP PRODUCCION,PRODUCCION,A,EL ARENAL,6600.0,SECUNDARIA,FEMENINO,VOLUNTARIA
2022-02-14,2022-03-27,baja,41,1990-11-10 00:00:00,NO,OP PRODUCCION,PRODUCCION,B,TALA,7500.0,SECUNDARIA,FEMENINO,VOLUNTARIA
2022-10-31,2022-12-11,baja,41,1985-06-19 00:00:00,NO,INSP CALIDAD,CALIDAD,C,TALA,8100.0,SECUNDARIA,FEMENINO,VOLUNTARIA
2023-10-09,2023-11-19,baja,41,1985-07-08 00:00:00,NO,OP PRODUCCION,PRODUCCION,C,TALA,7500.0,SECUNDARIA,FEMENINO,VOLUNTARIA
2022-03-03,2022-04-13,baja,41,1991-01-23 06:10:00,NO,OP PRENSA,PRENSA,C,TALA,7705.711805555556,SECUNDARIA_TRUNCA,MASCULINO,VOLUNTARIA
2022-01-17,2022-02-28,baja,42,1988-09-14 00:00:00,NO,OP PRODUCCION,PRODUCCION,B,TALA,6000.0,SECUNDARIA,MASCULINO,VOLUNTARIA
2022-12-01,2023-01-13,baja,43,1988-01-21 00:00:00,NO,MONTACARGUISTA,ALMACEN,B,ZAPOPAN,10500.0,PREPARATORIA_TRUNCA,MASCULINO,VOLUNTARIA
2022-03-25,2022-05-07,baja,43,1991-01-23 06:10:00,NO,OP PRODUCCION,PRODUCCION,C,TALA,7705.711805555556,SECUNDARIA_TRUNCA,MASCULINO,ABANDONO
2022-10-01,2022-11-14,baja,44,2001-02-21 00:00:00,NO,OP PRODUCCION,PRODUCCION,B,TALA,6000.0,PRIMARIA,MASCULINO,ABANDONO
2022-11-07,2022-12-21,baja,44,1984-11-20 00:00:00,SI,OP PRODUCCION,PRODUCCION,A,TALA,6600.0,PRIMARIA,MASCULINO,VOLUNTARIA
2022-01-24,2022-03-10,baja,45,1991-01-23 06:10:00,NO,OP PRENSA,PRENSA,C,TALA,7705.711805555556,SECUNDARIA_TRUNCA,MASCULINO,VOLUNTARIA
2022-01-17,2022-03-03,baja,45,1991-01-23 06:10:00,NO,OP PRODUCCION,PRODUCCION,C,TALA,7705.711805555556,SECUNDARIA_TRUNCA,MASCULINO,ABANDONO
2022-11-28,2023-01-12,baja,45,1991-01-23 06:10:00,NO,OP PRODUCCION,PRODUCCION,B,TALA,7705.711805555556,SECUNDARIA_TRUNCA,MASCULINO,VOLUNTARIA
2022-10-10,2022-11-27,baja,48,1995-05-17 00:00:00,NO,OP PRODUCCION,PRODUCCION,C,TALA,6600.0,SECUNDARIA,FEMENINO,VOLUNTARIA
2022-10-01,2022-11-18,baja,48,2000-08-20 00:00:00,NO,MECANICO,MANTENIMIENTO,ROLA,ZAPOPAN,12000.0,PREPARATORIA_TECNICA,MASCULINO,VOLUNTARIA
2022-10-31,2022-12-18,baja,48,1998-08-15 00:00:00,NO,OP PRENSA,PRENSA,C,TALA,6600.0,SECUNDARIA,FEMENINO,VOLUNTARIA
2022-12-24,2023-02-12,baja,50,1991-01-23 06:10:00,SI,OP PRENSA,PRENSA,B,TALA,7705.711805555556,SECUNDARIA_TRUNCA,MASCULINO,VOLUNTARIA
2023-08-17,2023-10-06,baja,50,1991-01-23 06:10:00,NO,OP PRODUCCION,PRODUCCION,C,TALA,7705.711805555556,SECUNDARIA_TRUNCA,MASCULINO,ACTIVO
2023-03-13,2023-05-02,baja,50,1991-01-23 06:10:00,NO,OP PRODUCCION,PRODUCCION,C,TALA,7705.711805555556,SECUNDARIA_TRUNCA,FEMENINO,ACTIVO
2023-10-30,2023-12-20,baja,51,1977-07-25 00:00:00,NO,OP PRENSA,PRENSA,C,TALA,7500.0,SECUNDARIA,MASCULINO,ABANDONO
2023-11-21,2024-01-11,baja,51,1989-12-07 00:00:00,SI,OP PRODUCCION,PRODUCCION,C,TALA,7500.0,SECUNDARIA,FEMENINO,ABANDONO
2022-03-24,2022-05-17,baja,54,1991-01-23 06:10:00,NO,OP PRENSA,PRENSA,A,TALA,7705.711805555556,SECUNDARIA_TRUNCA,FEMENINO,VOLUNTARIA
2023-01-14,2023-03-09,baja,54,1991-01-23 06:10:00,NO,OP PRODUCCION,PRODUCCION,C,TALA,7705.711805555556,SECUNDARIA_TRUNCA,FEMENINO,ACTIVO
2023-02-20,2023-04-16,baja,55,2000-12-30 00:00:00,NO,OP PRODUCCION,PRODUCCION,C,TALA,7500.0,SECUNDARIA,FEMENINO,VOLUNTARIA
2022-04-11,2022-06-05,baja,55,2001-01-02 00:00:00,NO,OP PRODUCCION,PRODUCCION,B,TALA,7500.0,PREPARATORIA,MASCULINO,VOLUNTARIA
2022-12-12,2023-02-05,baja,55,2004-10-16 00:00:00,NO,OP PRODUCCION,PRODUCCION,C,TALA,6600.0,SECUNDARIA,MASCULINO,VOLUNTARIA
2022-10-03,2022-11-27,baja,55,1997-07-10 00:00:00,NO,OP PRODUCCION,PRODUCCION,C,TALA,6600.0,SECUNDARIA,MASCULINO,VOLUNTARIA
2023-07-12,2023-09-05,baja,55,1991-01-23 06:10:00,NO,OP PRENSA,PRENSA,C,TALA,7705.711805555556,SECUNDARIA_TRUNCA,MASCULINO,VOLUNTARIA
2022-08-24,2022-10-18,baja,55,1991-01-23 06:10:00,SI,OP PRODUCCION,PRODUCCION,C,TALA,7705.711805555556,SECUNDARIA_TRUNCA,FEMENINO,VOLUNTARIA
2022-12-07,2023-02-01,baja,56,1991-01-23 06:10:00,NO,OP PRODUCCION,PRODUCCION,A,TALA,7705.711805555556,PRIMARIA,FEMENINO,ACTIVO
2022-01-03,2022-03-02,baja,58,1991-04-03 00:00:00,NO,OP PRODUCCION,PRODUCCION,C,TALA,6000.0,SECUNDARIA,FEMENINO,ABANDONO
2023-05-08,2023-07-06,baja,59,1991-01-23 06:10:00,NO,OP PRENSA,PRENSA,C,TALA,7705.711805555556,PRIMARIA,FEMENINO,ACTIVO
2023-10-16,2023-12-15,baja,60,1991-01-23 06:10:00,NO,OP PRENSA,PRENSA,B,TALA,7705.711805555556,PRIMARIA,FEMENINO,BAJA
2022-08-07,2022-10-06,baja,60,1991-01-23 06:10:00,NO,OP PRODUCCION,PRODUCCION,A,TALA,7705.711805555556,PRIMARIA,FEMENINO,ACTIVO
2023-10-16,2023-12-16,baja,61,1991-01-23 06:10:00,NO,MONTACARGUISTA,ALMACEN,C,TALA,7705.711805555556,PRIMARIA,FEMENINO,ACTIVO
2022-01-17,2022-03-20,baja,62,1988-01-08 00:00:00,NO,OP PRODUCCION,PRODUCCION,C,TALA,6000.0,SECUNDARIA,FEMENINO,ABANDONO
2022-03-22,2022-05-24,baja,63,1994-02-20 00:00:00,NO,OP PRODUCCION,PRODUCCION,B,TALA,7500.0,SECUNDARIA,FEMENINO,ABANDONO
2022-01-17,2022-03-22,baja,64,2003-04-29 00:00:00,NO,INSP CALIDAD,CALIDAD,B,TALA,6000.0,CURSANDO_PREPARATORIA,FEMENINO,VOLUNTARIA
2022-11-14,2023-01-20,baja,67,1991-01-23 06:10:00,SI,OP PRODUCCION,PRODUCCION,B,TALA,7705.711805555556,PRIMARIA,MASCULINO,ACTIVO
2022-04-04,2022-06-12,baja,69,1985-03-18 00:00:00,NO,OP PRODUCCION,PRODUCCION,B,TALA,7500.0,SECUNDARIA,FEMENINO,VOLUNTARIA
2022-09-05,2022-11-13,baja,69,2002-09-19 00:00:00,NO,OP PRODUCCION,PRODUCCION,B,TALA,7500.0,SECUNDARIA,MASCULINO,VOLUNTARIA
2022-10-10,2022-12-19,baja,70,1995-10-16 00:00:00,NO,OP PRODUCCION,PRODUCCION,C,TALA,6600.0,PRIMARIA,FEMENINO,VOLUNTARIA
2022-01-31,2022-04-11,baja,70,1991-01-23 06:10:00,NO,OP PRENSA,PRENSA,ROLA,TALA,7705.711805555556,PRIMARIA,FEMENINO,BAJA
2022-02-03,2022-04-17,baja,73,1975-03-18 00:00:00,SI,MONTACARGUISTA,ALMACEN,A,TALA,11250.0,PREPARATORIA,MASCULINO,ABANDONO
2022-04-04,2022-06-19,baja,76,1981-06-07 00:00:00,NO,OP PRODUCCION,PRODUCCION,B,TALA,7500.0,PRIMARIA,FEMENINO,VOLUNTARIA
2022-04-25,2022-07-10,baja,76,1994-11-03 00:00:00,NO,MECANICO,MANTENIMIENTO,ROLA,TALA,13200.0,PREPARATORIA_TECNICA,MASCULINO,VOLUNTARIA
2023-10-09,2023-12-24,baja,76,1999-07-14 00:00:00,NO,OP PRODUCCION,PRODUCCION,C,TALA,7500.0,SECUNDARIA,MASCULINO,VOLUNTARIA
2023-02-13,2023-05-01,baja,77,1995-03-14 00:00:00,NO,OP PRENSA,PRENSA,C,TALA,6900.0,SECUNDARIA,FEMENINO,VOLUNTARIA
2023-10-23,2024-01-08,baja,77,2005-11-03 00:00:00,NO,INSP CALIDAD,CALIDAD,A,TALA,8100.0,PREPARATORIA,FEMENINO,VOLUNTARIA
2022-02-28,2022-05-18,baja,79,1986-05-16 00:00:00,NO,OP PRODUCCION,PRODUCCION,A,TALA,6000.0,SECUNDARIA,FEMENINO,ABANDONO
2022-01-03,2022-03-27,baja,83,2003-01-28 00:00:00,NO,OP PRODUCCION,PRODUCCION,A,TALA,6000.0,SECUNDARIA,MASCULINO,VOLUNTARIA
2023-10-23,2024-01-14,baja,83,1982-07-30 00:00:00,NO,MECANICO,MANTENIMIENTO,ROLA,TALA,14400.0,INGENIERO,MASCULINO,VOLUNTARIA
2021-11-08,2022-02-01,baja,85,1999-02-14 00:00:00,NO,OP PRODUCCION,PRODUCCION,A,TALA,6000.0,SECUNDARIA,MASCULINO,ABANDONO
2022-04-18,2022-07-14,baja,87,1974-09-27 00:00:00,NO,OP PRODUCCION,PRODUCCION,B,TALA,7500.0,PRIMARIA,FEMENINO,ABANDONO
2022-05-02,2022-07-29,baja,88,1994-06-29 00:00:00,NO,INSP CALIDAD,CALIDAD,C,TALA,8100.0,PREPARATORIA,FEMENINO,BAJA
2022-02-08,2022-05-08,baja,89,1963-05-25 00:00:00,NO,OP PRODUCCION,PRODUCCION,B,TALA,7500.0,SIN_ESTUDIOS,FEMENINO,VOLUNTARIA
2023-06-01,2023-08-30,baja,90,1991-01-23 06:10:00,NO,OP PRENSA,PRENSA,C,TALA,7705.711805555556,PRIMARIA,MASCULINO,VOLUNTARIA
2022-10-01,2022-12-30,baja,90,1991-01-23 06:10:00,NO,OP PRODUCCION,PRODUCCION,A,TALA,7705.711805555556,PRIMARIA,FEMENINO,ACTIVO
2022-09-19,2022-12-22,baja,94,2003-05-27 00:00:00,NO,INSP CALIDAD,CALIDAD,C,TALA,8100.0,PREPARATORIA,FEMENINO,VOLUNTARIA
2023-10-02,2024-01-07,baja,97,1986-11-27 00:00:00,NO,OP PRODUCCION,PRODUCCION,C,BUENA VISTA ,7500.0,PREPARATORIA,FEMENINO,VOLUNTARIA
2023-09-11,2023-12-17,baja,97,1966-10-05 00:00:00,SI,OP PRENSA,PRENSA,B,TALA,7950.0,SECUNDARIA,FEMENINO,VOLUNTARIA
2022-05-02,2022-08-07,baja,97,1993-08-14 00:00:00,NO,OP PRODUCCION,PRODUCCION,C,TALA,6600.0,PRIMARIA,FEMENINO,ABANDONO
2021-12-20,2022-03-28,baja,98,1999-06-25 00:00:00,NO,OP PRODUCCION,PRODUCCION,A,TALA,6000.0,SECUNDARIA,FEMENINO,VOLUNTARIA
2022-02-28,2022-06-08,baja,100,1981-03-21 00:00:00,NO,OP PRODUCCION,PRODUCCION,A,TALA,6000.0,SECUNDARIA,FEMENINO,VOLUNTARIA
2023-03-21,2023-06-29,baja,100,1974-10-12 00:00:00,NO,OP PRODUCCION,PRODUCCION,C,TALA,8400.0,SECUNDARIA,FEMENINO,BAJA
2023-09-30,2024-01-08,baja,100,1991-01-23 06:10:00,NO,OP PRODUCCION,PRODUCCION,C,TALA,7705.711805555556,PRIMARIA,MASCULINO,ACTIVO
2023-01-23,2023-05-04,baja,101,1969-11-05 00:00:00,NO,OP PRODUCCION,PRODUCCION,B,TALA,7500.0,SECUNDARIA,FEMENINO,BAJA
2021-11-08,2022-02-20,baja,104,2001-10-25 00:00:00,NO,OP PRODUCCION,PRODUCCION,C,EL ARENAL,6000.0,CURSANDO_LICENCIATURA,MASCULINO,VOLUNTARIA
2022-01-03,2022-04-19,baja,106,1996-04-28 00:00:00,NO,OP PRODUCCION,PRODUCCION,C,TALA,6000.0,SECUNDARIA,MASCULINO,ABANDONO
2023-01-16,2023-05-04,baja,108,1992-07-01 00:00:00,NO,OP PRODUCCION,PRODUCCION,B,TALA,7500.0,PREPARATORIA,MASCULINO,BAJA
2022-02-11,2022-06-05,baja,114,1990-04-29 00:00:00,SI,MONTACARGUISTA,ALMACEN,A,TALA,11250.0,PRIMARIA,MASCULINO,VOLUNTARIA
2022-01-24,2022-05-19,baja,115,1989-11-13 00:00:00,NO,OP PRODUCCION,PRODUCCION,B,TALA,7500.0,SECUNDARIA,FEMENINO,ABANDONO
2022-07-04,2022-10-30,baja,118,1977-10-12 00:00:00,NO,OP PRENSA,PRENSA,B,TALA,7500.0,PREPARATORIA,MASCULINO,VOLUNTARIA
2022-01-24,2022-05-22,baja,118,1998-01-29 00:00:00,NO,OP PRODUCCION,PRODUCCION,C,TALA,6000.0,PREPARATORIA,FEMENINO,VOLUNTARIA
2023-07-22,2023-11-19,baja,120,1991-01-23 06:10:00,NO,OP PRENSA,PRENSA,C,TALA,7705.711805555556,PREPARATORIA_TRUNCA,MASCULINO,ABANDONO
2023-01-30,2023-06-01,baja,122,1973-04-21 00:00:00,SI,OP PRODUCCION,PRODUCCION,C,TALA,6600.0,SECUNDARIA,FEMENINO,BAJA
2023-01-30,2023-06-01,baja,122,1977-03-03 00:00:00,NO,OP PRODUCCION,PRODUCCION,C,TALA,6600.0,PRIMARIA,FEMENINO,BAJA
2022-05-09,2022-09-11,baja,125,1972-11-21 00:00:00,SI,MONTACARGUISTA,ALMACEN,B,TALA,11250.0,PREPARATORIA,MASCULINO,VOLUNTARIA
2021-12-13,2022-04-17,baja,125,1993-03-13 00:00:00,NO,OP PRODUCCION,PRODUCCION,A,TALA,6000.0,SECUNDARIA,FEMENINO,VOLUNTARIA
2021-12-20,2022-04-25,baja,126,2000-05-27 00:00:00,NO,OP PRODUCCION,PRODUCCION,A,TALA,6000.0,SECUNDARIA,MASCULINO,VOLUNTARIA
2022-09-26,2023-02-03,baja,130,1997-09-21 00:00:00,SI,OP PRENSA,PRENSA,A,TALA,6600.0,PRIMARIA,MASCULINO,ABANDONO
2022-01-31,2022-06-12,baja,132,2001-11-21 00:00:00,NO,OP PRODUCCION,PRODUCCION,B,TALA,7500.0,SECUNDARIA,FEMENINO,VOLUNTARIA
2022-09-26,2023-02-05,baja,132,1979-08-23 00:00:00,NO,OP PRODUCCION,PRODUCCION,B,TALA,7500.0,PRIMARIA,FEMENINO,VOLUNTARIA
2023-01-30,2023-06-16,baja,137,1996-05-02 00:00:00,SI,MONTACARGUISTA,ALMACEN,C,TALA,11250.0,SECUNDARIA,MASCULINO,ABANDONO
2022-01-17,2022-06-05,baja,139,1999-02-01 00:00:00,NO,OP PRODUCCION,PRODUCCION,A,ZAPOPAN,6000.0,SECUNDARIA,MASCULINO,VOLUNTARIA
2022-06-27,2022-11-16,baja,142,2002-12-05 00:00:00,NO,OP PRODUCCION,PRODUCCION,B,TALA,7500.0,PREPARATORIA_TECNICA,MASCULINO,VOLUNTARIA
2023-03-06,2023-07-28,baja,144,1991-05-08 00:00:00,NO,OP PRODUCCION,PRODUCCION,C,TALA,7500.0,SECUNDARIA,FEMENINO,VOLUNTARIA
2023-03-06,2023-07-28,baja,144,1995-01-01 00:00:00,NO,OP PRODUCCION,PRODUCCION,C,TALA,7500.0,SECUNDARIA,FEMENINO,VOLUNTARIA
2021-11-10,2022-04-03,baja,144,1991-01-23 06:10:00,SI,MONTACARGUISTA,ALMACEN,A,TALA,7705.711805555556,PREPARATORIA_TRUNCA,FEMENINO,BAJA
2022-11-14,2023-04-09,baja,146,1998-04-05 00:00:00,NO,OP PRODUCCION,PRODUCCION,B,TALA,7500.0,PRIMARIA,MASCULINO,ABANDONO
2022-03-31,2022-08-28,baja,150,1998-06-03 00:00:00,NO,MONTACARGUISTA,ALMACEN,B,TALA,11250.0,PREPARATORIA,MASCULINO,VOLUNTARIA
2023-07-22,2023-12-22,baja,153,1991-01-23 06:10:00,NO,OP PRENSA,PRENSA,A,TALA,7705.711805555556,PREPARATORIA_TRUNCA,FEMENINO,BAJA
2022-02-06,2022-07-14,baja,158,1974-09-27 00:00:00,NO,OP PRODUCCION,PRODUCCION,B,TALA,8100.0,SECUNDARIA,FEMENINO,ABANDONO
2022-01-31,2022-07-12,baja,162,1982-02-19 00:00:00,NO,MECANICO,MANTENIMIENTO,ROLA,TALA,13200.0,INGENIERO,MASCULINO,BAJA
2021-11-30,2022-06-05,baja,187,1993-09-22 00:00:00,NO,OP PRODUCCION,PRODUCCION,B,TALA,7500.0,SECUNDARIA,MASCULINO,BAJA
2022-03-14,2022-09-18,baja,188,1973-05-14 00:00:00,NO,OP PRODUCCION,PRODUCCION,B,TALA,7500.0,SECUNDARIA,FEMENINO,VOLUNTARIA
2022-09-07,2023-03-30,baja,204,2001-04-26 00:00:00,NO,MONTACARGUISTA,ALMACEN,A,ZAMORA,9000.0,PREPARATORIA,MASCULINO,BAJA
2022-11-07,2023-06-01,baja,206,1991-01-23 06:10:00,SI,OP PRODUCCION,PRODUCCION,A,TALA,7705.711805555556,SIN_ESTUDIOS,FEMENINO,BAJA
2022-07-04,2023-01-28,baja,208,1995-08-22 00:00:00,NO,AUXILIAR ALMACEN,ALMACEN,A,CD GUZMAN,8400.0,PREPARATORIA,MASCULINO,BAJA
2022-10-01,2023-05-04,baja,215,2002-06-12 00:00:00,NO,OP PRODUCCION,PRODUCCION,A,TALA,6000.0,SECUNDARIA,MASCULINO,BAJA
2022-05-16,2022-12-18,baja,216,1997-12-24 00:00:00,NO,OP PRODUCCION,PRODUCCION,C,TALA,6600.0,SECUNDARIA,MASCULINO,VOLUNTARIA
2022-09-26,2023-05-04,baja,220,2002-06-12 00:00:00,NO,OP PRODUCCION,PRODUCCION,A,TALA,6600.0,SECUNDARIA,MASCULINO,BAJA
2022-02-21,2022-10-03,baja,224,1965-07-27 00:00:00,NO,OP PRODUCCION,PRODUCCION,B,TALA,7500.0,PRIMARIA,FEMENINO,ABANDONO
2022-01-23,2022-09-04,baja,224,1978-10-17 00:00:00,NO,OP PRODUCCION,PRODUCCION,B,TALA,7500.0,PRIMARIA,FEMENINO,ABANDONO
2021-12-20,2022-08-03,baja,226,2002-09-11 00:00:00,NO,OP PRODUCCION,PRODUCCION,B,TALA,6000.0,SECUNDARIA,MASCULINO,BAJA
2023-03-21,2023-11-08,baja,232,1988-11-09 00:00:00,NO,OP PRODUCCION,PRODUCCION,C,TALA,8400.0,SECUNDARIA,FEMENINO,ABANDONO
2023-03-21,2023-11-08,baja,232,1991-01-23 06:10:00,SI,OP PRODUCCION,PRODUCCION,C,TALA,7705.711805555556,SIN_ESTUDIOS,MASCULINO,ABANDONO
2021-11-14,2022-07-14,baja,242,1974-09-27 00:00:00,NO,OP PRODUCCION,PRODUCCION,B,TALA,7500.0,PRIMARIA,FEMENINO,ABANDONO
2022-05-16,2023-02-04,baja,264,1999-03-28 00:00:00,NO,OP PRODUCCION,PRODUCCION,C,TALA,6600.0,PREPARATORIA,FEMENINO,VOLUNTARIA
2021-12-20,2022-09-11,baja,265,1993-08-17 00:00:00,SI,OP PRODUCCION,PRODUCCION,A,TALA,6000.0,PREPARATORIA,FEMENINO,VOLUNTARIA
2022-05-01,2023-01-26,baja,270,2003-03-09 00:00:00,NO,OP PRODUCCION,PRODUCCION,B,TALA,6000.0,PREPARATORIA,FEMENINO,BAJA
2022-01-03,2022-10-03,baja,273,1996-08-05 00:00:00,NO,OP PRODUCCION,PRODUCCION,A,TALA,6000.0,SECUNDARIA,FEMENINO,ABANDONO
2021-12-20,2022-10-03,baja,287,1992-12-03 00:00:00,NO,OP PRODUCCION,PRODUCCION,C,EL ARENAL,6000.0,SECUNDARIA,FEMENINO,ABANDONO
2022-04-25,2023-02-12,baja,293,1975-12-17 00:00:00,SI,OP PRODUCCION,PRODUCCION,C,TALA,6600.0,SECUNDARIA,MASCULINO,VOLUNTARIA
2022-01-16,2022-11-13,baja,301,2002-09-19 00:00:00,NO,OP PRODUCCION,PRODUCCION,B,TALA,7500.0,SECUNDARIA,MASCULINO,VOLUNTARIA
2022-03-23,2023-01-22,baja,305,2001-02-09 00:00:00,NO,OP PRENSA,PRENSA,C,EL ARENAL,6600.0,PREPARATORIA,FEMENINO,VOLUNTARIA
2022-03-17,2023-01-22,baja,311,1998-10-31 00:00:00,NO,OP PRODUCCION,PRODUCCION,C,TALA,6600.0,SECUNDARIA,MASCULINO,VOLUNTARIA
2022-03-17,2023-01-23,baja,312,2000-07-19 00:00:00,SI,MONTACARGUISTA,ALMACEN,C,TALA,11250.0,PRIMARIA,MASCULINO,VOLUNTARIA
2023-01-30,2024-01-08,baja,343,1986-11-29 00:00:00,NO,OP PRODUCCION,PRODUCCION,C,TALA,6600.0,SECUNDARIA,FEMENINO,VOLUNTARIA
2022-12-12,2023-12-08,baja,361,1970-09-23 00:00:00,NO,OP PRODUCCION,PRODUCCION,B,TALA,7500.0,SECUNDARIA,FEMENINO,VOLUNTARIA
2022-12-20,2023-12-24,baja,369,1992-09-23 00:00:00,NO,OP PRODUCCION,PRODUCCION,C,EL ARENAL,8100.0,PREPARATORIA_TECNICA,MASCULINO,ABANDONO
2022-04-18,2023-05-04,baja,381,1991-01-23 06:10:00,NO,OP PRENSA,PRENSA,B,TALA,7705.711805555556,SIN_ESTUDIOS,MASCULINO,BAJA
2022-10-01,2023-10-29,baja,393,1997-12-14 00:00:00,NO,OP PRODUCCION,PRODUCCION,A,EL ARENAL,6000.0,PREPARATORIA_TRUNCA,MASCULINO,VOLUNTARIA
2021-12-20,2023-01-31,baja,407,1973-09-04 00:00:00,SI,OP PRODUCCION,PRODUCCION,C,TALA,6000.0,SECUNDARIA,MASCULINO,VOLUNTARIA
2022-03-07,2023-04-21,baja,410,1979-07-07 00:00:00,SI,OP PRENSA,PRENSA,C,TLAJOMULCO,15000.0,PRIMARIA,MASCULINO,VOLUNTARIA
2021-11-22,2023-01-13,baja,417,1979-05-27 00:00:00,NO,OP PRODUCCION,PRODUCCION,C,TALA,6000.0,SECUNDARIA,FEMENINO,ABANDONO
2022-01-24,2023-04-09,baja,440,2002-08-29 00:00:00,NO,OP PRODUCCION,PRODUCCION,B,TALA,7500.0,PREPARATORIA,FEMENINO,VOLUNTARIA
2022-01-03,2023-05-17,baja,499,1987-12-16 00:00:00,SI,OP PRENSA,PRENSA,C,TALA,6000.0,PREPARATORIA,MASCULINO,VOLUNTARIA
2022-01-03,2023-06-01,baja,514,1979-12-10 00:00:00,NO,OP PRODUCCION,PRODUCCION,C,TALA,6000.0,SECUNDARIA,FEMENINO,BAJA
2022-01-31,2023-06-29,baja,514,1993-10-31 00:00:00,NO,MECANICO,MANTENIMIENTO,ROLA,TALA,13200.0,PREPARATORIA,MASCULINO,BAJA
2022-03-22,2023-09-07,baja,534,1992-04-06 00:00:00,NO,OP PRODUCCION,PRODUCCION,A,TALA,6600.0,PRIMARIA,FEMENINO,VOLUNTARIA
2022-06-29,2024-01-07,baja,557,1995-10-02 00:00:00,SI,MONTACARGUISTA,ALMACEN,B,TALA,11250.0,PREPARATORIA,MASCULINO,VOLUNTARIA
2022-03-14,2023-09-28,baja,563,2001-07-31 00:00:00,NO,OP PRODUCCION,PRODUCCION,C,TALA,6000.0,PRIMARIA,FEMENINO,VOLUNTARIA
2022-01-24,2023-09-05,baja,589,2003-10-19 00:00:00,NO,OP PRODUCCION,PRODUCCION,A,TALA,6000.0,CURSANDO_SECUNDARIA,FEMENINO,VOLUNTARIA
2021-10-16,2023-06-16,baja,608,1996-05-02 00:00:00,SI,MONTACARGUISTA,ALMACEN,C,TALA,11250.0,SECUNDARIA,MASCULINO,ABANDONO
2024-01-15,2024-04-30,activo,106,2001-10-02 00:00:00,NO,OP PRODUCCION,PRODUCCION,C,EL ARENAL,8100.0,LICENCIATURA,FEMENINO,ACTIVO
2022-05-09,2024-04-30,activo,722,2003-12-28 00:00:00,NO,OP PRODUCCION,PRODUCCION,B,EL ARENAL,7500.0,PREPARATORIA,FEMENINO,ACTIVO
2023-11-22,2024-04-30,activo,160,1995-04-05 00:00:00,NO,MONTACARGUISTA,ALMACEN,A,CD GUZMAN,14000.0,INGENIERO,MASCULINO,ACTIVO
2021-12-13,2024-04-30,activo,869,1999-10-14 00:00:00,NO,OP PRODUCCION,PRODUCCION,A,EL ARENAL,6000.0,PREPARATORIA,MASCULINO,ACTIVO
2022-06-13,2024-04-30,activo,687,1993-01-18 00:00:00,NO,OP PRODUCCION,PRODUCCION,A,EL ARENAL,6600.0,PREPARATORIA,MASCULINO,ACTIVO
2024-01-08,2024-04-30,activo,113,1985-11-08 00:00:00,NO,OP PRODUCCION,PRODUCCION,C,HUAXTLA,8100.0,PRIMARIA,FEMENINO,ACTIVO
2023-03-21,2024-04-30,activo,406,1983-02-13 00:00:00,NO,OP PRODUCCION,PRODUCCION,C,SAN JUAN DE LOS ARCOS ,8400.0,SECUNDARIA,FEMENINO,ACTIVO
2023-09-18,2024-04-30,activo,225,1969-10-28 00:00:00,NO,OP PRODUCCION,PRODUCCION,A,TALA,7500.0,PRIMARIA,FEMENINO,ACTIVO
2022-02-02,2024-04-30,activo,818,1972-12-01 00:00:00,SI,MONTACARGUISTA,ALMACEN,B,TALA,11250.0,SECUNDARIA,MASCULINO,ACTIVO
2023-10-09,2024-04-30,activo,204,1973-09-13 00:00:00,NO,OP PRODUCCION,PRODUCCION,A,TALA,7500.0,PRIMARIA,MASCULINO,ACTIVO
2023-10-16,2024-04-30,activo,197,1975-10-12 00:00:00,SI,OP PRODUCCION,PRODUCCION,A,TALA,7500.0,SECUNDARIA,FEMENINO,ACTIVO
2021-06-12,2024-04-30,activo,1053,1979-09-15 00:00:00,SI,OP PRODUCCION,PRODUCCION,C,TALA,6000.0,SECUNDARIA,FEMENINO,ACTIVO
2022-03-14,2024-04-30,activo,778,1981-02-26 00:00:00,NO,OP PRODUCCION,PRODUCCION,B,TALA,7500.0,SECUNDARIA,FEMENINO,ACTIVO
2023-02-20,2024-04-30,activo,435,1982-06-09 00:00:00,NO,OP PRODUCCION,PRODUCCION,B,TALA,7500.0,SIN_ESTUDIOS,FEMENINO,ACTIVO
2021-12-27,2024-04-30,activo,855,1983-06-18 00:00:00,NO,INSP CALIDAD,CALIDAD,B,TALA,6000.0,SECUNDARIA,FEMENINO,ACTIVO
2022-11-14,2024-04-30,activo,533,1983-09-19 00:00:00,SI,OP PRENSA,PRENSA,B,TALA,15500.0,PREPARATORIA,FEMENINO,ACTIVO
2022-02-14,2024-04-30,activo,806,1983-11-01 00:00:00,NO,OP PRODUCCION,PRODUCCION,C,TALA,6000.0,SECUNDARIA,FEMENINO,ACTIVO
2022-02-08,2024-04-30,activo,812,1984-01-23 00:00:00,NO,OP PRODUCCION,PRODUCCION,A,TALA,6000.0,SECUNDARIA,FEMENINO,ACTIVO
2022-02-08,2024-04-30,activo,812,1984-12-16 00:00:00,NO,OP PRODUCCION,PRODUCCION,B,TALA,7500.0,PREPARATORIA,FEMENINO,ACTIVO
2022-05-09,2024-04-30,activo,722,1985-12-12 00:00:00,SI,OP PRODUCCION,PRODUCCION,B,TALA,7500.0,SECUNDARIA,FEMENINO,ACTIVO
2024-01-08,2024-04-30,activo,113,1987-12-07 00:00:00,NO,OP PRODUCCION,PRODUCCION,C,TALA,8100.0,SECUNDARIA,FEMENINO,ACTIVO
2022-05-02,2024-04-30,activo,729,1989-02-12 00:00:00,NO,OP PRODUCCION,PRODUCCION,B,TALA,7500.0,SECUNDARIA,FEMENINO,ACTIVO
2023-02-13,2024-04-30,activo,442,1989-05-29 00:00:00,SI,OP PRODUCCION,PRODUCCION,C,TALA,6600.0,PRIMARIA,MASCULINO,ACTIVO
2022-04-11,2024-04-30,activo,750,1993-06-03 00:00:00,NO,AUXILIAR ALMACEN,ALMACEN,B,TALA,11250.0,PREPARATORIA,MASCULINO,ACTIVO
2022-10-03,2024-04-30,activo,575,1995-09-30 00:00:00,NO,OP PRODUCCION,PRODUCCION,A,TALA,6600.0,PRIMARIA,MASCULINO,ACTIVO
2021-12-13,2024-04-30,activo,869,1995-12-31 00:00:00,NO,OP PRODUCCION,PRODUCCION,C,TALA,6000.0,PREPARATORIA,MASCULINO,ACTIVO
2023-09-18,2024-04-30,activo,225,1997-03-29 00:00:00,NO,OP PRODUCCION,PRODUCCION,A,TALA,7500.0,PREPARATORIA,FEMENINO,ACTIVO
2022-05-02,2024-04-30,activo,729,1998-01-18 00:00:00,NO,OP PRODUCCION,PRODUCCION,B,TALA,7500.0,PRIMARIA,FEMENINO,ACTIVO
2022-07-11,2024-04-30,activo,659,1998-04-16 00:00:00,NO,AUXILIAR ALMACEN,ALMACEN,B,TALA,8400.0,PREPARATORIA,MASCULINO,ACTIVO
2022-01-31,2024-04-30,activo,820,1998-12-06 00:00:00,NO,OP PRODUCCION,PRODUCCION,A,TALA,6000.0,PREPARATORIA,FEMENINO,ACTIVO
2022-03-23,2024-04-30,activo,769,1998-12-26 00:00:00,NO,OP PRODUCCION,PRODUCCION,C,TALA,6600.0,SECUNDARIA,FEMENINO,ACTIVO
2022-07-25,2024-04-30,activo,645,2000-04-28 00:00:00,NO,AUXILIAR ALMACEN,ALMACEN,A,TALA,8400.0,SECUNDARIA,MASCULINO,ACTIVO
2023-10-30,2024-04-30,activo,183,2000-08-28 00:00:00,NO,OP PRODUCCION,PRODUCCION,B,TALA,7500.0,PREPARATORIA,FEMENINO,ACTIVO
2022-03-14,2024-04-30,activo,778,2001-10-16 00:00:00,NO,OP PRODUCCION,PRODUCCION,A,TALA,6000.0,SECUNDARIA,FEMENINO,ACTIVO
2022-03-14,2024-04-30,activo,778,2002-03-05 00:00:00,NO,INSP CALIDAD,CALIDAD,A,TALA,6000.0,PREPARATORIA,FEMENINO,ACTIVO
2022-04-25,2024-04-30,activo,736,2002-12-02 00:00:00,NO,OP PRODUCCION,PRODUCCION,C,TALA,6600.0,PRIMARIA,MASCULINO,ACTIVO
2023-11-06,2024-04-30,activo,176,2002-12-15 00:00:00,NO,OP PRENSA,PRENSA,C,TALA,7500.0,SECUNDARIA,FEMENINO,ACTIVO
2023-11-30,2024-04-30,activo,152,2004-02-11 00:00:00,NO,OP PRODUCCION,PRODUCCION,A,TALA,7500.0,SECUNDARIA,MASCULINO,ACTIVO
2023-11-21,2024-04-30,activo,161,2004-11-23 00:00:00,NO,OP PRODUCCION,PRODUCCION,C,TALA,7500.0,SECUNDARIA,FEMENINO,ACTIVO
2023-03-13,2024-04-30,activo,414,2006-03-01 00:00:00,NO,MONTACARGUISTA,ALMACEN,C,TALA,11250.0,PREPARATORIA,MASCULINO,ACTIVO
2023-12-06,2024-04-30,activo,146,1960-10-25 00:00:00,NO,OP PRODUCCION,PRODUCCION,A,TALA,7500.0,SECUNDARIA,FEMENINO,ACTIVO
2023-12-20,2024-04-30,activo,132,1969-12-28 00:00:00,SI,OP PRODUCCION,PRODUCCION,A,TALA,7500.0,SECUNDARIA,FEMENINO,ACTIVO
2022-12-01,2024-04-30,activo,516,1974-12-13 00:00:00,NO,MONTACARGUISTA,ALMACEN,A,TALA,11250.0,SECUNDARIA,MASCULINO,ACTIVO
2024-01-15,2024-04-30,activo,106,1977-12-16 00:00:00,NO,OP PRODUCCION,PRODUCCION,B,TALA,7400.0,SECUNDARIA,MASCULINO,ACTIVO
2022-10-31,2024-04-30,activo,547,1982-04-07 00:00:00,SI,OP PRODUCCION,PRODUCCION,C,TALA,6600.0,SECUNDARIA,MASCULINO,ACTIVO
2023-01-30,2024-04-30,activo,456,1982-12-29 00:00:00,NO,OP PRODUCCION,PRODUCCION,B,TALA,7500.0,PRIMARIA,MASCULINO,ACTIVO
2024-01-15,2024-04-30,activo,106,1985-01-20 00:00:00,NO,OP PRENSA,PRENSA,B,TALA,7500.0,SECUNDARIA,FEMENINO,ACTIVO
2024-01-29,2024-04-30,activo,92,1985-02-13 00:00:00,SI,AUXILIAR ALMACEN,ALMACEN,B,TALA,8100.0,INGENIERO,MASCULINO,ACTIVO
2022-12-26,2024-04-30,activo,491,1986-09-20 00:00:00,SI,INSP CALIDAD,CALIDAD,C,TALA,8100.0,PREPARATORIA,FEMENINO,ACTIVO
2024-01-15,2024-04-30,activo,106,1987-05-28 00:00:00,NO,OP PRODUCCION,PRODUCCION,B,TALA,7400.0,SECUNDARIA,FEMENINO,ACTIVO
2024-01-29,2024-04-30,activo,92,1992-03-31 00:00:00,NO,OP PRENSA,PRENSA,B,TALA,7400.0,PREPARATORIA,MASCULINO,ACTIVO
2022-09-05,2024-04-30,activo,603,1994-02-28 00:00:00,NO,OP PRODUCCION,PRODUCCION,B,TALA,7500.0,PRIMARIA,FEMENINO,ACTIVO
2024-01-22,2024-04-30,activo,99,1995-01-29 00:00:00,NO,OP PRODUCCION,PRODUCCION,B,TALA,7500.0,PRIMARIA,FEMENINO,ACTIVO
2024-01-22,2024-04-30,activo,99,1995-02-28 00:00:00,NO,OP PRODUCCION,PRODUCCION,B,TALA,7500.0,SECUNDARIA,MASCULINO,ACTIVO
2023-10-23,2024-04-30,activo,190,1996-09-08 00:00:00,SI,INSP CALIDAD,CALIDAD,A,TALA,8100.0,PREPARATORIA,FEMENINO,ACTIVO
2024-02-06,2024-04-30,activo,84,1997-02-24 00:00:00,NO,INSP CALIDAD,CALIDAD,B,TALA,9060.0,SECUNDARIA,FEMENINO,ACTIVO
2022-12-01,2024-04-30,activo,516,1998-09-10 00:00:00,SI,MONTACARGUISTA,ALMACEN,B,TALA,11250.0,SECUNDARIA,MASCULINO,ACTIVO
2022-09-26,2024-04-30,activo,582,1999-02-24 00:00:00,NO,OP PRODUCCION,PRODUCCION,A,TALA,6600.0,SECUNDARIA,MASCULINO,ACTIVO
2024-01-22,2024-04-30,activo,99,2000-09-15 00:00:00,NO,OP PRODUCCION,PRODUCCION,C,TALA,8100.0,PRIMARIA,FEMENINO,ACTIVO
2024-01-08,2024-04-30,activo,113,2001-06-10 00:00:00,NO,OP PRODUCCION,PRODUCCION,C,TALA,8100.0,PREPARATORIA,FEMENINO,ACTIVO
2024-01-15,2024-04-30,activo,106,2002-03-14 00:00:00,NO,OP PRODUCCION,PRODUCCION,C,TALA,8100.0,CURSANDO_LICENCIATURA,FEMENINO,ACTIVO
2023-03-06,2024-04-30,activo,421,2004-02-12 00:00:00,NO,OP PRODUCCION,PRODUCCION,A,TALA,7500.0,PREPARATORIA,FEMENINO,ACTIVO
2024-01-22,2024-04-30,activo,99,2004-08-12 00:00:00,NO,OP PRODUCCION,PRODUCCION,C,TALA,8100.0,SECUNDARIA,FEMENINO,ACTIVO
2023-10-02,2024-04-30,activo,211,2005-07-30 00:00:00,NO,OP PRENSA,PRENSA,B,TALA,7950.0,PRIMARIA,MASCULINO,ACTIVO
2024-02-06,2024-04-30,activo,84,2005-10-19 00:00:00,NO,OP PRENSA,PRENSA,B,TALA,9000.0,SECUNDARIA,MASCULINO,ACTIVO
2022-02-21,2024-04-30,activo,799,1995-12-12 00:00:00,NO,OP PRODUCCION,PRODUCCION,C,ZAPOPAN,6000.0,PREPARATORIA,MASCULINO,ACTIVO
2023-07-10,2024-04-30,activo,295,1995-12-22 00:00:00,SI,MECANICO,MANTENIMIENTO,ROLA,ZAPOPAN,14400.0,PREPARATORIA_TRUNCA,MASCULINO,ACTIVO
2021-12-13,2024-04-30,activo,869,1991-01-23 06:10:00,NO,OP PRODUCCION,PRODUCCION,C,TALA,7705.711805555556,SIN_ESTUDIOS,FEMENINO,ACTIVO
2022-09-26,2024-04-30,activo,582,1991-01-23 06:10:00,SI,OP PRODUCCION,PRODUCCION,A,TALA,7705.711805555556,SIN_ESTUDIOS,FEMENINO,ACTIVO
2022-03-23,2024-04-30,activo,769,1991-01-23 06:10:00,NO,OP PRODUCCION,PRODUCCION,C,TALA,7705.711805555556,SIN_ESTUDIOS,MASCULINO,ACTIVO
